image_id,line_no,text,confidence
ENG-0001,1,桥吊编号:QC-11 | 龙门吊编号:RTG-16 | 堆场口:YARD-E3 | 作业区域:C-01 | 设备状态:停用 | 日期:2026-06-02,0.92
ENG-0002,1,桥吊编号:QC-28 | 龙门吊编号:RTG-28 | 堆场口:YARD-B6 | 作业区域:A-30 | 设备状态:正常 | 日期:2026-06-03,0.92
ENG-0003,1,桥吊编号:QC-31 | 龙门吊编号:RTG-13 | 堆场口:YARD-B9 | 作业区域:A-03 | 设备状态:待检 | 日期:2026-06-04,0.92
ENG-0004,1,桥吊编号:QC-35 | 龙门吊编号:RTG-11 | 堆场口:YARD-B4 | 作业区域:B-12 | 设备状态:正常 | 日期:2026-06-05,0.92
ENG-0005,1,桥吊编号:QC-32 | 龙门吊编号:RTG-20 | 堆场口:YARD-D5 | 作业区域:A-28 | 设备状态:正常 | 日期:2026-06-06,0.92
ENG-0006,1,桥吊编号:QC-13 | 龙门吊编号:RTG-09 | 堆场口:YARD-E2 | 作业区域:D-21 | 设备状态:维修中 | 日期:2026-06-07,0.92
ENG-0007,1,桥吊编号:QC-27 | 龙门吊编号:RTG-16 | 堆场口:YARD-F3 | 作业区域:A-07 | 设备状态:正常 | 日期:2026-06-08,0.92
ENG-0008,1,桥吊编号:QC-32 | 龙门吊编号:RTG-23 | 堆场口:YARD-A8 | 作业区域:C-28 | 设备状态:待检 | 日期:2026-06-09,0.92
ENG-0009,1,桥吊编号:QC-03 | 龙门吊编号:RTG-10 | 堆场口:YARD-G1 | 作业区域:A-29 | 设备状态:待检 | 日期:2026-06-10,0.92
ENG-0010,1,桥吊编号:QC-08 | 龙门吊编号:RTG-10 | 堆场口:YARD-C4 | 作业区域:B-05 | 设备状态:正常 | 日期:2026-06-11,0.92
ENG-0011,1,桥吊编号:QC-12 | 龙门吊编号:RTG-07 | 堆场口:YARD-B6 | 作业区域:A-11 | 设备状态:正常 | 日期:2026-06-12,0.92
ENG-0012,1,桥吊编号:QC-16 | 龙门吊编号:RTG-04 | 堆场口:YARD-C4 | 作业区域:D-10 | 设备状态:维修中 | 日期:2026-06-13,0.92
ENG-0013,1,桥吊编号:QC-01 | 龙门吊编号:RTG-08 | 堆场口:YARD-H6 | 作业区域:C-07 | 设备状态:正常 | 日期:2026-06-14,0.92
ENG-0014,1,桥吊编号:QC-31 | 龙门吊编号:RTG-10 | 堆场口:YARD-B7 | 作业区域:B-12 | 设备状态:待检 | 日期:2026-06-15,0.92
ENG-0015,1,桥吊编号:QC-20 | 龙门吊编号:RTG-22 | 堆场口:YARD-C1 | 作业区域:D-28 | 设备状态:待检 | 日期:2026-06-16,0.92
ENG-0016,1,桥吊编号:QC-24 | 龙门吊编号:RTG-18 | 堆场口:YARD-E6 | 作业区域:D-22 | 设备状态:停用 | 日期:2026-06-17,0.92
ENG-0017,1,桥吊编号:QC-04 | 龙门吊编号:RTG-12 | 堆场口:YARD-H8 | 作业区域:B-15 | 设备状态:停用 | 日期:2026-06-18,0.92
ENG-0018,1,桥吊编号:QC-31 | 龙门吊编号:RTG-03 | 堆场口:YARD-F1 | 作业区域:C-02 | 设备状态:待检 | 日期:2026-06-19,0.92
ENG-0019,1,桥吊编号:QC-23 | 龙门吊编号:RTG-05 | 堆场口:YARD-H9 | 作业区域:C-19 | 设备状态:停用 | 日期:2026-06-20,0.92
ENG-0020,1,桥吊编号:QC-25 | 龙门吊编号:RTG-25 | 堆场口:YARD-B5 | 作业区域:A-04 | 设备状态:待检 | 日期:2026-06-21,0.92
ENG-0021,1,桥吊编号:QC-15 | 龙门吊编号:RTG-25 | 堆场口:YARD-F4 | 作业区域:C-03 | 设备状态:停用 | 日期:2026-06-22,0.92
ENG-0022,1,桥吊编号:QC-27 | 龙门吊编号:RTG-04 | 堆场口:YARD-E1 | 作业区域:A-02 | 设备状态:正常 | 日期:2026-06-23,0.92
ENG-0023,1,桥吊编号:QC-36 | 龙门吊编号:RTG-21 | 堆场口:YARD-E5 | 作业区域:C-14 | 设备状态:停用 | 日期:2026-06-24,0.92
ENG-0024,1,桥吊编号:QC-04 | 龙门吊编号:RTG-22 | 堆场口:YARD-B9 | 作业区域:B-30 | 设备状态:停用 | 日期:2026-06-25,0.92
ENG-0025,1,桥吊编号:QC-27 | 龙门吊编号:RTG-02 | 堆场口:YARD-E2 | 作业区域:A-04 | 设备状态:维修中 | 日期:2026-06-26,0.92
ENG-0026,1,桥吊编号:QC-12 | 龙门吊编号:RTG-04 | 堆场口:YARD-G6 | 作业区域:A-20 | 设备状态:维修中 | 日期:2026-06-27,0.92
ENG-0027,1,桥吊编号:QC-14 | 龙门吊编号:RTG-09 | 堆场口:YARD-F2 | 作业区域:B-10 | 设备状态:待检 | 日期:2026-06-28,0.92
ENG-0028,1,桥吊编号:QC-15 | 龙门吊编号:RTG-21 | 堆场口:YARD-F3 | 作业区域:D-06 | 设备状态:维修中 | 日期:2026-06-29,0.92
ENG-0029,1,桥吊编号:QC-03 | 龙门吊编号:RTG-18 | 堆场口:YARD-A8 | 作业区域:B-14 | 设备状态:正常 | 日期:2026-06-30,0.92
ENG-0030,1,桥吊编号:QC-33 | 龙门吊编号:RTG-04 | 堆场口:YARD-F8 | 作业区域:D-04 | 设备状态:维修中 | 日期:2026-06-01,0.92
ENG-0031,1,桥吊编号:QC-32 | 龙门吊编号:RTG-21 | 堆场口:YARD-G7 | 作业区域:A-26 | 设备状态:待检 | 日期:2026-06-02,0.92
ENG-0032,1,桥吊编号:QC-32 | 龙门吊编号:RTG-12 | 堆场口:YARD-G4 | 作业区域:D-27 | 设备状态:维修中 | 日期:2026-06-03,0.92
ENG-0033,1,桥吊编号:QC-33 | 龙门吊编号:RTG-13 | 堆场口:YARD-E4 | 作业区域:B-14 | 设备状态:待检 | 日期:2026-06-04,0.92
ENG-0034,1,桥吊编号:QC-22 | 龙门吊编号:RTG-22 | 堆场口:YARD-C4 | 作业区域:B-27 | 设备状态:维修中 | 日期:2026-06-05,0.92
ENG-0035,1,桥吊编号:QC-18 | 龙门吊编号:RTG-13 | 堆场口:YARD-A6 | 作业区域:D-04 | 设备状态:停用 | 日期:2026-06-06,0.92
ENG-0036,1,桥吊编号:QC-12 | 龙门吊编号:RTG-05 | 堆场口:YARD-E2 | 作业区域:D-29 | 设备状态:维修中 | 日期:2026-06-07,0.92
ENG-0037,1,桥吊编号:QC-15 | 龙门吊编号:RTG-16 | 堆场口:YARD-A8 | 作业区域:C-01 | 设备状态:正常 | 日期:2026-06-08,0.92
ENG-0038,1,桥吊编号:QC-10 | 龙门吊编号:RTG-10 | 堆场口:YARD-A2 | 作业区域:C-29 | 设备状态:维修中 | 日期:2026-06-09,0.92
ENG-0039,1,桥吊编号:QC-19 | 龙门吊编号:RTG-13 | 堆场口:YARD-G1 | 作业区域:D-13 | 设备状态:停用 | 日期:2026-06-10,0.92
ENG-0040,1,桥吊编号:QC-28 | 龙门吊编号:RTG-28 | 堆场口:YARD-C6 | 作业区域:C-16 | 设备状态:待检 | 日期:2026-06-11,0.92
ENG-0041,1,桥吊编号:QC-08 | 龙门吊编号:RTG-11 | 堆场口:YARD-G5 | 作业区域:D-29 | 设备状态:停用 | 日期:2026-06-12,0.92
ENG-0042,1,桥吊编号:QC-02 | 龙门吊编号:RTG-02 | 堆场口:YARD-F9 | 作业区域:C-16 | 设备状态:停用 | 日期:2026-06-13,0.92
ENG-0043,1,桥吊编号:QC-10 | 龙门吊编号:RTG-19 | 堆场口:YARD-G9 | 作业区域:C-03 | 设备状态:维修中 | 日期:2026-06-14,0.92
ENG-0044,1,桥吊编号:QC-15 | 龙门吊编号:RTG-23 | 堆场口:YARD-E5 | 作业区域:B-04 | 设备状态:待检 | 日期:2026-06-15,0.92
ENG-0045,1,桥吊编号:QC-16 | 龙门吊编号:RTG-16 | 堆场口:YARD-H1 | 作业区域:C-01 | 设备状态:维修中 | 日期:2026-06-16,0.92
ENG-0046,1,桥吊编号:QC-31 | 龙门吊编号:RTG-11 | 堆场口:YARD-G1 | 作业区域:D-06 | 设备状态:维修中 | 日期:2026-06-17,0.92
ENG-0047,1,桥吊编号:QC-28 | 龙门吊编号:RTG-19 | 堆场口:YARD-H3 | 作业区域:A-27 | 设备状态:停用 | 日期:2026-06-18,0.92
ENG-0048,1,桥吊编号:QC-28 | 龙门吊编号:RTG-05 | 堆场口:YARD-A5 | 作业区域:D-14 | 设备状态:停用 | 日期:2026-06-19,0.92
ENG-0049,1,桥吊编号:QC-09 | 龙门吊编号:RTG-10 | 堆场口:YARD-D9 | 作业区域:A-14 | 设备状态:维修中 | 日期:2026-06-20,0.92
ENG-0050,1,桥吊编号:QC-03 | 龙门吊编号:RTG-24 | 堆场口:YARD-D6 | 作业区域:C-08 | 设备状态:正常 | 日期:2026-06-21,0.92
ENG-0051,1,桥吊编号:QC-24 | 龙门吊编号:RTG-08 | 堆场口:YARD-E6 | 作业区域:B-02 | 设备状态:维修中 | 日期:2026-06-22,0.92
ENG-0052,1,桥吊编号:QC-14 | 龙门吊编号:RTG-03 | 堆场口:YARD-C7 | 作业区域:B-26 | 设备状态:正常 | 日期:2026-06-23,0.92
ENG-0053,1,桥吊编号:QC-34 | 龙门吊编号:RTG-13 | 堆场口:YARD-B2 | 作业区域:A-12 | 设备状态:待检 | 日期:2026-06-24,0.92
ENG-0054,1,桥吊编号:QC-02 | 龙门吊编号:RTG-12 | 堆场口:YARD-H9 | 作业区域:D-02 | 设备状态:待检 | 日期:2026-06-25,0.92
ENG-0055,1,桥吊编号:QC-01 | 龙门吊编号:RTG-21 | 堆场口:YARD-D4 | 作业区域:C-23 | 设备状态:待检 | 日期:2026-06-26,0.92
ENG-0056,1,桥吊编号:QC-32 | 龙门吊编号:RTG-12 | 堆场口:YARD-C7 | 作业区域:C-03 | 设备状态:维修中 | 日期:2026-06-27,0.92
ENG-0057,1,桥吊编号:QC-29 | 龙门吊编号:RTG-26 | 堆场口:YARD-D9 | 作业区域:C-05 | 设备状态:正常 | 日期:2026-06-28,0.92
ENG-0058,1,桥吊编号:QC-34 | 龙门吊编号:RTG-13 | 堆场口:YARD-F1 | 作业区域:C-02 | 设备状态:待检 | 日期:2026-06-29,0.92
ENG-0059,1,桥吊编号:QC-21 | 龙门吊编号:RTG-02 | 堆场口:YARD-C2 | 作业区域:D-20 | 设备状态:正常 | 日期:2026-06-30,0.92
ENG-0060,1,桥吊编号:QC-22 | 龙门吊编号:RTG-24 | 堆场口:YARD-C1 | 作业区域:D-21 | 设备状态:停用 | 日期:2026-06-01,0.92
ENG-0061,1,桥吊编号:QC-23 | 龙门吊编号:RTG-10 | 堆场口:YARD-A2 | 作业区域:A-19 | 设备状态:正常 | 日期:2026-06-02,0.92
ENG-0062,1,桥吊编号:QC-27 | 龙门吊编号:RTG-14 | 堆场口:YARD-B5 | 作业区域:B-11 | 设备状态:停用 | 日期:2026-06-03,0.92
ENG-0063,1,桥吊编号:QC-23 | 龙门吊编号:RTG-21 | 堆场口:YARD-G1 | 作业区域:D-28 | 设备状态:维修中 | 日期:2026-06-04,0.92
ENG-0064,1,桥吊编号:QC-26 | 龙门吊编号:RTG-02 | 堆场口:YARD-H2 | 作业区域:C-06 | 设备状态:维修中 | 日期:2026-06-05,0.92
ENG-0065,1,桥吊编号:QC-07 | 龙门吊编号:RTG-20 | 堆场口:YARD-E3 | 作业区域:A-13 | 设备状态:维修中 | 日期:2026-06-06,0.92
ENG-0066,1,桥吊编号:QC-04 | 龙门吊编号:RTG-21 | 堆场口:YARD-E8 | 作业区域:A-18 | 设备状态:正常 | 日期:2026-06-07,0.92
ENG-0067,1,桥吊编号:QC-12 | 龙门吊编号:RTG-08 | 堆场口:YARD-F3 | 作业区域:D-23 | 设备状态:停用 | 日期:2026-06-08,0.92
ENG-0068,1,桥吊编号:QC-07 | 龙门吊编号:RTG-04 | 堆场口:YARD-A4 | 作业区域:B-28 | 设备状态:维修中 | 日期:2026-06-09,0.92
ENG-0069,1,桥吊编号:QC-06 | 龙门吊编号:RTG-26 | 堆场口:YARD-D4 | 作业区域:D-23 | 设备状态:待检 | 日期:2026-06-10,0.92
ENG-0070,1,桥吊编号:QC-27 | 龙门吊编号:RTG-03 | 堆场口:YARD-A2 | 作业区域:A-06 | 设备状态:维修中 | 日期:2026-06-11,0.92
ENG-0071,1,桥吊编号:QC-26 | 龙门吊编号:RTG-28 | 堆场口:YARD-E4 | 作业区域:A-19 | 设备状态:正常 | 日期:2026-06-12,0.92
ENG-0072,1,桥吊编号:QC-14 | 龙门吊编号:RTG-18 | 堆场口:YARD-D7 | 作业区域:B-30 | 设备状态:维修中 | 日期:2026-06-13,0.92
ENG-0073,1,桥吊编号:QC-34 | 龙门吊编号:RTG-15 | 堆场口:YARD-D9 | 作业区域:B-09 | 设备状态:维修中 | 日期:2026-06-14,0.92
ENG-0074,1,桥吊编号:QC-24 | 龙门吊编号:RTG-26 | 堆场口:YARD-E3 | 作业区域:B-06 | 设备状态:待检 | 日期:2026-06-15,0.92
ENG-0075,1,桥吊编号:QC-06 | 龙门吊编号:RTG-23 | 堆场口:YARD-C8 | 作业区域:C-25 | 设备状态:维修中 | 日期:2026-06-16,0.92
ENG-0076,1,桥吊编号:QC-22 | 龙门吊编号:RTG-24 | 堆场口:YARD-C9 | 作业区域:B-22 | 设备状态:维修中 | 日期:2026-06-17,0.92
ENG-0077,1,桥吊编号:QC-21 | 龙门吊编号:RTG-26 | 堆场口:YARD-B7 | 作业区域:B-19 | 设备状态:正常 | 日期:2026-06-18,0.92
ENG-0078,1,桥吊编号:QC-07 | 龙门吊编号:RTG-28 | 堆场口:YARD-D8 | 作业区域:A-05 | 设备状态:正常 | 日期:2026-06-19,0.92
ENG-0079,1,桥吊编号:QC-29 | 龙门吊编号:RTG-07 | 堆场口:YARD-B6 | 作业区域:B-07 | 设备状态:待检 | 日期:2026-06-20,0.92
ENG-0080,1,桥吊编号:QC-19 | 龙门吊编号:RTG-04 | 堆场口:YARD-C5 | 作业区域:C-11 | 设备状态:维修中 | 日期:2026-06-21,0.92
ENG-0081,1,桥吊编号:QC-32 | 龙门吊编号:RTG-26 | 堆场口:YARD-C7 | 作业区域:B-26 | 设备状态:待检 | 日期:2026-06-22,0.92
ENG-0082,1,桥吊编号:QC-26 | 龙门吊编号:RTG-22 | 堆场口:YARD-E4 | 作业区域:A-27 | 设备状态:待检 | 日期:2026-06-23,0.92
ENG-0083,1,桥吊编号:QC-29 | 龙门吊编号:RTG-23 | 堆场口:YARD-G2 | 作业区域:A-19 | 设备状态:待检 | 日期:2026-06-24,0.92
ENG-0084,1,桥吊编号:QC-24 | 龙门吊编号:RTG-04 | 堆场口:YARD-C5 | 作业区域:B-09 | 设备状态:维修中 | 日期:2026-06-25,0.92
ENG-0085,1,桥吊编号:QC-02 | 龙门吊编号:RTG-15 | 堆场口:YARD-A3 | 作业区域:C-03 | 设备状态:维修中 | 日期:2026-06-26,0.92
ENG-0086,1,桥吊编号:QC-21 | 龙门吊编号:RTG-22 | 堆场口:YARD-C4 | 作业区域:D-02 | 设备状态:待检 | 日期:2026-06-27,0.92
ENG-0087,1,桥吊编号:QC-03 | 龙门吊编号:RTG-21 | 堆场口:YARD-D6 | 作业区域:D-15 | 设备状态:正常 | 日期:2026-06-28,0.92
ENG-0088,1,桥吊编号:QC-10 | 龙门吊编号:RTG-27 | 堆场口:YARD-D1 | 作业区域:C-30 | 设备状态:待检 | 日期:2026-06-29,0.92
ENG-0089,1,桥吊编号:QC-17 | 龙门吊编号:RTG-22 | 堆场口:YARD-B4 | 作业区域:A-29 | 设备状态:正常 | 日期:2026-06-30,0.92
ENG-0090,1,桥吊编号:QC-18 | 龙门吊编号:RTG-18 | 堆场口:YARD-E2 | 作业区域:A-16 | 设备状态:正常 | 日期:2026-06-01,0.92
ENG-0091,1,桥吊编号:QC-33 | 龙门吊编号:RTG-26 | 堆场口:YARD-E9 | 作业区域:A-13 | 设备状态:维修中 | 日期:2026-06-02,0.92
ENG-0092,1,桥吊编号:QC-23 | 龙门吊编号:RTG-19 | 堆场口:YARD-C5 | 作业区域:B-30 | 设备状态:正常 | 日期:2026-06-03,0.92
ENG-0093,1,桥吊编号:QC-23 | 龙门吊编号:RTG-25 | 堆场口:YARD-E4 | 作业区域:B-09 | 设备状态:待检 | 日期:2026-06-04,0.92
ENG-0094,1,桥吊编号:QC-05 | 龙门吊编号:RTG-26 | 堆场口:YARD-F1 | 作业区域:D-30 | 设备状态:待检 | 日期:2026-06-05,0.92
ENG-0095,1,桥吊编号:QC-28 | 龙门吊编号:RTG-02 | 堆场口:YARD-G8 | 作业区域:D-16 | 设备状态:正常 | 日期:2026-06-06,0.92
ENG-0096,1,桥吊编号:QC-19 | 龙门吊编号:RTG-12 | 堆场口:YARD-E1 | 作业区域:B-22 | 设备状态:停用 | 日期:2026-06-07,0.92
ENG-0097,1,桥吊编号:QC-14 | 龙门吊编号:RTG-03 | 堆场口:YARD-A6 | 作业区域:C-03 | 设备状态:待检 | 日期:2026-06-08,0.92
ENG-0098,1,桥吊编号:QC-22 | 龙门吊编号:RTG-21 | 堆场口:YARD-A3 | 作业区域:B-13 | 设备状态:维修中 | 日期:2026-06-09,0.92
ENG-0099,1,桥吊编号:QC-24 | 龙门吊编号:RTG-25 | 堆场口:YARD-B2 | 作业区域:C-06 | 设备状态:待检 | 日期:2026-06-10,0.92
ENG-0100,1,桥吊编号:QC-08 | 龙门吊编号:RTG-19 | 堆场口:YARD-C5 | 作业区域:D-30 | 设备状态:维修中 | 日期:2026-06-11,0.92
ENG-0101,1,桥吊编号:QC-22 | 龙门吊编号:RTG-02 | 堆场口:YARD-F2 | 作业区域:A-01 | 设备状态:维修中 | 日期:2026-06-12,0.92
ENG-0102,1,桥吊编号:QC-36 | 龙门吊编号:RTG-18 | 堆场口:YARD-E6 | 作业区域:C-17 | 设备状态:停用 | 日期:2026-06-13,0.92
ENG-0103,1,桥吊编号:QC-28 | 龙门吊编号:RTG-10 | 堆场口:YARD-B9 | 作业区域:C-16 | 设备状态:停用 | 日期:2026-06-14,0.92
ENG-0104,1,桥吊编号:QC-27 | 龙门吊编号:RTG-04 | 堆场口:YARD-C3 | 作业区域:B-17 | 设备状态:停用 | 日期:2026-06-15,0.92
ENG-0105,1,桥吊编号:QC-05 | 龙门吊编号:RTG-02 | 堆场口:YARD-E4 | 作业区域:B-01 | 设备状态:正常 | 日期:2026-06-16,0.92
ENG-0106,1,桥吊编号:QC-08 | 龙门吊编号:RTG-09 | 堆场口:YARD-B4 | 作业区域:B-06 | 设备状态:停用 | 日期:2026-06-17,0.92
ENG-0107,1,桥吊编号:QC-29 | 龙门吊编号:RTG-22 | 堆场口:YARD-B9 | 作业区域:B-06 | 设备状态:待检 | 日期:2026-06-18,0.92
ENG-0108,1,桥吊编号:QC-11 | 龙门吊编号:RTG-20 | 堆场口:YARD-A9 | 作业区域:A-13 | 设备状态:正常 | 日期:2026-06-19,0.92
ENG-0109,1,桥吊编号:QC-07 | 龙门吊编号:RTG-16 | 堆场口:YARD-F3 | 作业区域:B-11 | 设备状态:停用 | 日期:2026-06-20,0.92
ENG-0110,1,桥吊编号:QC-04 | 龙门吊编号:RTG-22 | 堆场口:YARD-G6 | 作业区域:A-21 | 设备状态:停用 | 日期:2026-06-21,0.92
ENG-0111,1,桥吊编号:QC-28 | 龙门吊编号:RTG-13 | 堆场口:YARD-A9 | 作业区域:A-28 | 设备状态:停用 | 日期:2026-06-22,0.92
ENG-0112,1,桥吊编号:QC-16 | 龙门吊编号:RTG-09 | 堆场口:YARD-E3 | 作业区域:A-12 | 设备状态:正常 | 日期:2026-06-23,0.92
ENG-0113,1,桥吊编号:QC-04 | 龙门吊编号:RTG-07 | 堆场口:YARD-D1 | 作业区域:D-28 | 设备状态:正常 | 日期:2026-06-24,0.92
ENG-0114,1,桥吊编号:QC-10 | 龙门吊编号:RTG-06 | 堆场口:YARD-D7 | 作业区域:D-18 | 设备状态:待检 | 日期:2026-06-25,0.92
ENG-0115,1,桥吊编号:QC-11 | 龙门吊编号:RTG-04 | 堆场口:YARD-C5 | 作业区域:C-29 | 设备状态:正常 | 日期:2026-06-26,0.92
ENG-0116,1,桥吊编号:QC-05 | 龙门吊编号:RTG-10 | 堆场口:YARD-F8 | 作业区域:A-12 | 设备状态:停用 | 日期:2026-06-27,0.92
ENG-0117,1,桥吊编号:QC-02 | 龙门吊编号:RTG-19 | 堆场口:YARD-F3 | 作业区域:B-24 | 设备状态:维修中 | 日期:2026-06-28,0.92
ENG-0118,1,桥吊编号:QC-26 | 龙门吊编号:RTG-05 | 堆场口:YARD-D1 | 作业区域:B-18 | 设备状态:待检 | 日期:2026-06-29,0.92
ENG-0119,1,桥吊编号:QC-09 | 龙门吊编号:RTG-10 | 堆场口:YARD-G3 | 作业区域:D-05 | 设备状态:维修中 | 日期:2026-06-30,0.92
ENG-0120,1,桥吊编号:QC-06 | 龙门吊编号:RTG-01 | 堆场口:YARD-G9 | 作业区域:C-12 | 设备状态:正常 | 日期:2026-06-01,0.92
ENG-0121,1,桥吊编号:QC-34 | 龙门吊编号:RTG-02 | 堆场口:YARD-F1 | 作业区域:C-10 | 设备状态:正常 | 日期:2026-06-02,0.92
ENG-0122,1,桥吊编号:QC-07 | 龙门吊编号:RTG-07 | 堆场口:YARD-F2 | 作业区域:C-04 | 设备状态:待检 | 日期:2026-06-03,0.92
ENG-0123,1,桥吊编号:QC-06 | 龙门吊编号:RTG-01 | 堆场口:YARD-D7 | 作业区域:B-28 | 设备状态:待检 | 日期:2026-06-04,0.92
ENG-0124,1,桥吊编号:QC-19 | 龙门吊编号:RTG-21 | 堆场口:YARD-E1 | 作业区域:B-09 | 设备状态:停用 | 日期:2026-06-05,0.92
ENG-0125,1,桥吊编号:QC-09 | 龙门吊编号:RTG-05 | 堆场口:YARD-D4 | 作业区域:C-07 | 设备状态:正常 | 日期:2026-06-06,0.92
ENG-0126,1,桥吊编号:QC-10 | 龙门吊编号:RTG-26 | 堆场口:YARD-C6 | 作业区域:A-21 | 设备状态:停用 | 日期:2026-06-07,0.92
ENG-0127,1,桥吊编号:QC-36 | 龙门吊编号:RTG-03 | 堆场口:YARD-E8 | 作业区域:B-04 | 设备状态:维修中 | 日期:2026-06-08,0.92
ENG-0128,1,桥吊编号:QC-11 | 龙门吊编号:RTG-26 | 堆场口:YARD-E4 | 作业区域:C-20 | 设备状态:正常 | 日期:2026-06-09,0.92
ENG-0129,1,桥吊编号:QC-24 | 龙门吊编号:RTG-17 | 堆场口:YARD-A3 | 作业区域:B-09 | 设备状态:正常 | 日期:2026-06-10,0.92
ENG-0130,1,桥吊编号:QC-35 | 龙门吊编号:RTG-25 | 堆场口:YARD-F8 | 作业区域:D-09 | 设备状态:停用 | 日期:2026-06-11,0.92
ENG-0131,1,桥吊编号:QC-24 | 龙门吊编号:RTG-23 | 堆场口:YARD-A3 | 作业区域:B-19 | 设备状态:维修中 | 日期:2026-06-12,0.92
ENG-0132,1,桥吊编号:QC-27 | 龙门吊编号:RTG-14 | 堆场口:YARD-D2 | 作业区域:C-30 | 设备状态:待检 | 日期:2026-06-13,0.92
ENG-0133,1,桥吊编号:QC-29 | 龙门吊编号:RTG-04 | 堆场口:YARD-F3 | 作业区域:C-17 | 设备状态:维修中 | 日期:2026-06-14,0.92
ENG-0134,1,桥吊编号:QC-25 | 龙门吊编号:RTG-26 | 堆场口:YARD-E8 | 作业区域:C-09 | 设备状态:待检 | 日期:2026-06-15,0.92
ENG-0135,1,桥吊编号:QC-26 | 龙门吊编号:RTG-22 | 堆场口:YARD-B3 | 作业区域:C-28 | 设备状态:正常 | 日期:2026-06-16,0.92
ENG-0136,1,桥吊编号:QC-08 | 龙门吊编号:RTG-22 | 堆场口:YARD-G5 | 作业区域:D-02 | 设备状态:待检 | 日期:2026-06-17,0.92
ENG-0137,1,桥吊编号:QC-24 | 龙门吊编号:RTG-26 | 堆场口:YARD-H4 | 作业区域:B-02 | 设备状态:维修中 | 日期:2026-06-18,0.92
ENG-0138,1,桥吊编号:QC-33 | 龙门吊编号:RTG-19 | 堆场口:YARD-E5 | 作业区域:B-30 | 设备状态:停用 | 日期:2026-06-19,0.92
ENG-0139,1,桥吊编号:QC-23 | 龙门吊编号:RTG-14 | 堆场口:YARD-C1 | 作业区域:C-21 | 设备状态:正常 | 日期:2026-06-20,0.92
ENG-0140,1,桥吊编号:QC-36 | 龙门吊编号:RTG-19 | 堆场口:YARD-F4 | 作业区域:C-02 | 设备状态:维修中 | 日期:2026-06-21,0.92
ENG-0141,1,桥吊编号:QC-25 | 龙门吊编号:RTG-16 | 堆场口:YARD-G9 | 作业区域:D-29 | 设备状态:待检 | 日期:2026-06-22,0.92
ENG-0142,1,桥吊编号:QC-02 | 龙门吊编号:RTG-19 | 堆场口:YARD-E3 | 作业区域:A-26 | 设备状态:停用 | 日期:2026-06-23,0.92
ENG-0143,1,桥吊编号:QC-20 | 龙门吊编号:RTG-23 | 堆场口:YARD-B6 | 作业区域:C-04 | 设备状态:待检 | 日期:2026-06-24,0.92
ENG-0144,1,桥吊编号:QC-25 | 龙门吊编号:RTG-18 | 堆场口:YARD-C8 | 作业区域:B-15 | 设备状态:待检 | 日期:2026-06-25,0.92
ENG-0145,1,桥吊编号:QC-23 | 龙门吊编号:RTG-09 | 堆场口:YARD-H5 | 作业区域:B-19 | 设备状态:维修中 | 日期:2026-06-26,0.92
ENG-0146,1,桥吊编号:QC-15 | 龙门吊编号:RTG-16 | 堆场口:YARD-A1 | 作业区域:B-08 | 设备状态:停用 | 日期:2026-06-27,0.92
ENG-0147,1,桥吊编号:QC-07 | 龙门吊编号:RTG-09 | 堆场口:YARD-E4 | 作业区域:D-08 | 设备状态:停用 | 日期:2026-06-28,0.92
ENG-0148,1,桥吊编号:QC-25 | 龙门吊编号:RTG-02 | 堆场口:YARD-H3 | 作业区域:A-05 | 设备状态:维修中 | 日期:2026-06-29,0.92
ENG-0149,1,桥吊编号:QC-22 | 龙门吊编号:RTG-23 | 堆场口:YARD-E7 | 作业区域:D-13 | 设备状态:待检 | 日期:2026-06-30,0.92
ENG-0150,1,桥吊编号:QC-22 | 龙门吊编号:RTG-22 | 堆场口:YARD-H3 | 作业区域:A-14 | 设备状态:维修中 | 日期:2026-06-01,0.92
ENG-0151,1,桥吊编号:QC-04 | 龙门吊编号:RTG-16 | 堆场口:YARD-A8 | 作业区域:D-21 | 设备状态:维修中 | 日期:2026-06-02,0.92
ENG-0152,1,桥吊编号:QC-03 | 龙门吊编号:RTG-08 | 堆场口:YARD-A2 | 作业区域:D-16 | 设备状态:正常 | 日期:2026-06-03,0.92
ENG-0153,1,桥吊编号:QC-06 | 龙门吊编号:RTG-15 | 堆场口:YARD-C1 | 作业区域:B-24 | 设备状态:停用 | 日期:2026-06-04,0.92
ENG-0154,1,桥吊编号:QC-16 | 龙门吊编号:RTG-05 | 堆场口:YARD-B9 | 作业区域:B-22 | 设备状态:停用 | 日期:2026-06-05,0.92
ENG-0155,1,桥吊编号:QC-03 | 龙门吊编号:RTG-15 | 堆场口:YARD-H4 | 作业区域:B-12 | 设备状态:正常 | 日期:2026-06-06,0.92
ENG-0156,1,桥吊编号:QC-14 | 龙门吊编号:RTG-14 | 堆场口:YARD-A9 | 作业区域:C-12 | 设备状态:待检 | 日期:2026-06-07,0.92
ENG-0157,1,桥吊编号:QC-19 | 龙门吊编号:RTG-12 | 堆场口:YARD-F2 | 作业区域:D-03 | 设备状态:维修中 | 日期:2026-06-08,0.92
ENG-0158,1,桥吊编号:QC-06 | 龙门吊编号:RTG-11 | 堆场口:YARD-A6 | 作业区域:C-07 | 设备状态:待检 | 日期:2026-06-09,0.92
ENG-0159,1,桥吊编号:QC-10 | 龙门吊编号:RTG-15 | 堆场口:YARD-E9 | 作业区域:A-17 | 设备状态:维修中 | 日期:2026-06-10,0.92
ENG-0160,1,桥吊编号:QC-02 | 龙门吊编号:RTG-05 | 堆场口:YARD-E6 | 作业区域:A-27 | 设备状态:待检 | 日期:2026-06-11,0.92
ENG-0161,1,桥吊编号:QC-36 | 龙门吊编号:RTG-14 | 堆场口:YARD-D7 | 作业区域:C-15 | 设备状态:待检 | 日期:2026-06-12,0.92
ENG-0162,1,桥吊编号:QC-19 | 龙门吊编号:RTG-01 | 堆场口:YARD-F7 | 作业区域:C-24 | 设备状态:维修中 | 日期:2026-06-13,0.92
ENG-0163,1,桥吊编号:QC-24 | 龙门吊编号:RTG-09 | 堆场口:YARD-F5 | 作业区域:B-16 | 设备状态:停用 | 日期:2026-06-14,0.92
ENG-0164,1,桥吊编号:QC-03 | 龙门吊编号:RTG-23 | 堆场口:YARD-D7 | 作业区域:A-24 | 设备状态:待检 | 日期:2026-06-15,0.92
ENG-0165,1,桥吊编号:QC-15 | 龙门吊编号:RTG-14 | 堆场口:YARD-H4 | 作业区域:D-15 | 设备状态:待检 | 日期:2026-06-16,0.92
ENG-0166,1,桥吊编号:QC-32 | 龙门吊编号:RTG-19 | 堆场口:YARD-A7 | 作业区域:B-12 | 设备状态:正常 | 日期:2026-06-17,0.92
ENG-0167,1,桥吊编号:QC-28 | 龙门吊编号:RTG-17 | 堆场口:YARD-A8 | 作业区域:A-13 | 设备状态:停用 | 日期:2026-06-18,0.92
ENG-0168,1,桥吊编号:QC-29 | 龙门吊编号:RTG-01 | 堆场口:YARD-C6 | 作业区域:D-14 | 设备状态:停用 | 日期:2026-06-19,0.92
ENG-0169,1,桥吊编号:QC-05 | 龙门吊编号:RTG-12 | 堆场口:YARD-C1 | 作业区域:D-13 | 设备状态:正常 | 日期:2026-06-20,0.92
ENG-0170,1,桥吊编号:QC-18 | 龙门吊编号:RTG-25 | 堆场口:YARD-A6 | 作业区域:A-17 | 设备状态:停用 | 日期:2026-06-21,0.92
ENG-0171,1,桥吊编号:QC-05 | 龙门吊编号:RTG-19 | 堆场口:YARD-H4 | 作业区域:B-10 | 设备状态:停用 | 日期:2026-06-22,0.92
ENG-0172,1,桥吊编号:QC-18 | 龙门吊编号:RTG-15 | 堆场口:YARD-G8 | 作业区域:B-19 | 设备状态:维修中 | 日期:2026-06-23,0.92
ENG-0173,1,桥吊编号:QC-18 | 龙门吊编号:RTG-23 | 堆场口:YARD-A7 | 作业区域:A-13 | 设备状态:停用 | 日期:2026-06-24,0.92
ENG-0174,1,桥吊编号:QC-19 | 龙门吊编号:RTG-07 | 堆场口:YARD-E7 | 作业区域:A-27 | 设备状态:维修中 | 日期:2026-06-25,0.92
ENG-0175,1,桥吊编号:QC-24 | 龙门吊编号:RTG-22 | 堆场口:YARD-E6 | 作业区域:C-09 | 设备状态:停用 | 日期:2026-06-26,0.92
ENG-0176,1,桥吊编号:QC-25 | 龙门吊编号:RTG-13 | 堆场口:YARD-F4 | 作业区域:A-13 | 设备状态:停用 | 日期:2026-06-27,0.92
ENG-0177,1,桥吊编号:QC-28 | 龙门吊编号:RTG-01 | 堆场口:YARD-F8 | 作业区域:C-24 | 设备状态:正常 | 日期:2026-06-28,0.92
ENG-0178,1,桥吊编号:QC-02 | 龙门吊编号:RTG-28 | 堆场口:YARD-G3 | 作业区域:D-09 | 设备状态:正常 | 日期:2026-06-29,0.92
ENG-0179,1,桥吊编号:QC-15 | 龙门吊编号:RTG-13 | 堆场口:YARD-F3 | 作业区域:A-05 | 设备状态:维修中 | 日期:2026-06-30,0.92
ENG-0180,1,桥吊编号:QC-06 | 龙门吊编号:RTG-04 | 堆场口:YARD-F3 | 作业区域:C-06 | 设备状态:维修中 | 日期:2026-06-01,0.92
ENG-0181,1,桥吊编号:QC-20 | 龙门吊编号:RTG-01 | 堆场口:YARD-E9 | 作业区域:A-06 | 设备状态:停用 | 日期:2026-06-02,0.92
ENG-0182,1,桥吊编号:QC-20 | 龙门吊编号:RTG-15 | 堆场口:YARD-D7 | 作业区域:A-16 | 设备状态:待检 | 日期:2026-06-03,0.92
ENG-0183,1,桥吊编号:QC-21 | 龙门吊编号:RTG-08 | 堆场口:YARD-C4 | 作业区域:B-04 | 设备状态:维修中 | 日期:2026-06-04,0.92
ENG-0184,1,桥吊编号:QC-34 | 龙门吊编号:RTG-22 | 堆场口:YARD-G4 | 作业区域:D-18 | 设备状态:停用 | 日期:2026-06-05,0.92
ENG-0185,1,桥吊编号:QC-10 | 龙门吊编号:RTG-20 | 堆场口:YARD-C9 | 作业区域:A-22 | 设备状态:停用 | 日期:2026-06-06,0.92
ENG-0186,1,桥吊编号:QC-22 | 龙门吊编号:RTG-03 | 堆场口:YARD-B2 | 作业区域:C-18 | 设备状态:停用 | 日期:2026-06-07,0.92
ENG-0187,1,桥吊编号:QC-32 | 龙门吊编号:RTG-20 | 堆场口:YARD-A1 | 作业区域:A-11 | 设备状态:待检 | 日期:2026-06-08,0.92
ENG-0188,1,桥吊编号:QC-02 | 龙门吊编号:RTG-22 | 堆场口:YARD-H5 | 作业区域:D-08 | 设备状态:维修中 | 日期:2026-06-09,0.92
ENG-0189,1,桥吊编号:QC-21 | 龙门吊编号:RTG-05 | 堆场口:YARD-A3 | 作业区域:B-20 | 设备状态:停用 | 日期:2026-06-10,0.92
ENG-0190,1,桥吊编号:QC-22 | 龙门吊编号:RTG-06 | 堆场口:YARD-B3 | 作业区域:B-01 | 设备状态:正常 | 日期:2026-06-11,0.92
ENG-0191,1,桥吊编号:QC-22 | 龙门吊编号:RTG-27 | 堆场口:YARD-G8 | 作业区域:D-28 | 设备状态:待检 | 日期:2026-06-12,0.92
ENG-0192,1,桥吊编号:QC-14 | 龙门吊编号:RTG-15 | 堆场口:YARD-A9 | 作业区域:A-15 | 设备状态:待检 | 日期:2026-06-13,0.92
ENG-0193,1,桥吊编号:QC-07 | 龙门吊编号:RTG-08 | 堆场口:YARD-C2 | 作业区域:B-08 | 设备状态:正常 | 日期:2026-06-14,0.92
ENG-0194,1,桥吊编号:QC-08 | 龙门吊编号:RTG-24 | 堆场口:YARD-E4 | 作业区域:A-24 | 设备状态:正常 | 日期:2026-06-15,0.92
ENG-0195,1,桥吊编号:QC-07 | 龙门吊编号:RTG-18 | 堆场口:YARD-A2 | 作业区域:B-26 | 设备状态:待检 | 日期:2026-06-16,0.92
ENG-0196,1,桥吊编号:QC-10 | 龙门吊编号:RTG-12 | 堆场口:YARD-B5 | 作业区域:B-06 | 设备状态:维修中 | 日期:2026-06-17,0.92
ENG-0197,1,桥吊编号:QC-08 | 龙门吊编号:RTG-26 | 堆场口:YARD-G3 | 作业区域:D-27 | 设备状态:正常 | 日期:2026-06-18,0.92
ENG-0198,1,桥吊编号:QC-13 | 龙门吊编号:RTG-23 | 堆场口:YARD-C3 | 作业区域:B-12 | 设备状态:正常 | 日期:2026-06-19,0.92
ENG-0199,1,桥吊编号:QC-03 | 龙门吊编号:RTG-12 | 堆场口:YARD-D1 | 作业区域:C-01 | 设备状态:正常 | 日期:2026-06-20,0.92
ENG-0200,1,桥吊编号:QC-17 | 龙门吊编号:RTG-08 | 堆场口:YARD-C7 | 作业区域:C-08 | 设备状态:停用 | 日期:2026-06-21,0.92
ENG-0201,1,桥吊编号:QC-25 | 龙门吊编号:RTG-15 | 堆场口:YARD-A5 | 作业区域:C-16 | 设备状态:正常 | 日期:2026-06-22,0.92
ENG-0202,1,桥吊编号:QC-18 | 龙门吊编号:RTG-18 | 堆场口:YARD-D8 | 作业区域:A-11 | 设备状态:维修中 | 日期:2026-06-23,0.92
ENG-0203,1,桥吊编号:QC-17 | 龙门吊编号:RTG-06 | 堆场口:YARD-B8 | 作业区域:A-12 | 设备状态:停用 | 日期:2026-06-24,0.92
ENG-0204,1,桥吊编号:QC-10 | 龙门吊编号:RTG-04 | 堆场口:YARD-H3 | 作业区域:D-27 | 设备状态:停用 | 日期:2026-06-25,0.92
ENG-0205,1,桥吊编号:QC-18 | 龙门吊编号:RTG-17 | 堆场口:YARD-C9 | 作业区域:C-09 | 设备状态:正常 | 日期:2026-06-26,0.92
ENG-0206,1,桥吊编号:QC-36 | 龙门吊编号:RTG-03 | 堆场口:YARD-C1 | 作业区域:A-22 | 设备状态:待检 | 日期:2026-06-27,0.92
ENG-0207,1,桥吊编号:QC-34 | 龙门吊编号:RTG-24 | 堆场口:YARD-H8 | 作业区域:A-07 | 设备状态:停用 | 日期:2026-06-28,0.92
ENG-0208,1,桥吊编号:QC-20 | 龙门吊编号:RTG-01 | 堆场口:YARD-G5 | 作业区域:C-01 | 设备状态:维修中 | 日期:2026-06-29,0.92
ENG-0209,1,桥吊编号:QC-09 | 龙门吊编号:RTG-01 | 堆场口:YARD-F3 | 作业区域:B-19 | 设备状态:停用 | 日期:2026-06-30,0.92
ENG-0210,1,桥吊编号:QC-02 | 龙门吊编号:RTG-19 | 堆场口:YARD-F8 | 作业区域:B-07 | 设备状态:维修中 | 日期:2026-06-01,0.92
ENG-0211,1,桥吊编号:QC-16 | 龙门吊编号:RTG-10 | 堆场口:YARD-A5 | 作业区域:C-22 | 设备状态:待检 | 日期:2026-06-02,0.92
ENG-0212,1,桥吊编号:QC-17 | 龙门吊编号:RTG-23 | 堆场口:YARD-C1 | 作业区域:B-17 | 设备状态:待检 | 日期:2026-06-03,0.92
ENG-0213,1,桥吊编号:QC-09 | 龙门吊编号:RTG-19 | 堆场口:YARD-A9 | 作业区域:A-25 | 设备状态:正常 | 日期:2026-06-04,0.92
ENG-0214,1,桥吊编号:QC-18 | 龙门吊编号:RTG-03 | 堆场口:YARD-H5 | 作业区域:B-22 | 设备状态:正常 | 日期:2026-06-05,0.92
ENG-0215,1,桥吊编号:QC-26 | 龙门吊编号:RTG-18 | 堆场口:YARD-A7 | 作业区域:D-10 | 设备状态:正常 | 日期:2026-06-06,0.92
ENG-0216,1,桥吊编号:QC-20 | 龙门吊编号:RTG-14 | 堆场口:YARD-C4 | 作业区域:C-10 | 设备状态:待检 | 日期:2026-06-07,0.92
ENG-0217,1,桥吊编号:QC-24 | 龙门吊编号:RTG-15 | 堆场口:YARD-E9 | 作业区域:D-14 | 设备状态:待检 | 日期:2026-06-08,0.92
ENG-0218,1,桥吊编号:QC-13 | 龙门吊编号:RTG-11 | 堆场口:YARD-C8 | 作业区域:C-01 | 设备状态:待检 | 日期:2026-06-09,0.92
ENG-0219,1,桥吊编号:QC-18 | 龙门吊编号:RTG-13 | 堆场口:YARD-A7 | 作业区域:D-23 | 设备状态:待检 | 日期:2026-06-10,0.92
ENG-0220,1,桥吊编号:QC-07 | 龙门吊编号:RTG-01 | 堆场口:YARD-C7 | 作业区域:C-02 | 设备状态:正常 | 日期:2026-06-11,0.92
ENG-0221,1,桥吊编号:QC-31 | 龙门吊编号:RTG-19 | 堆场口:YARD-F3 | 作业区域:D-25 | 设备状态:待检 | 日期:2026-06-12,0.92
ENG-0222,1,桥吊编号:QC-19 | 龙门吊编号:RTG-02 | 堆场口:YARD-G7 | 作业区域:A-20 | 设备状态:停用 | 日期:2026-06-13,0.92
ENG-0223,1,桥吊编号:QC-17 | 龙门吊编号:RTG-18 | 堆场口:YARD-F3 | 作业区域:A-30 | 设备状态:待检 | 日期:2026-06-14,0.92
ENG-0224,1,桥吊编号:QC-03 | 龙门吊编号:RTG-27 | 堆场口:YARD-A2 | 作业区域:D-09 | 设备状态:维修中 | 日期:2026-06-15,0.92
ENG-0225,1,桥吊编号:QC-33 | 龙门吊编号:RTG-07 | 堆场口:YARD-C8 | 作业区域:B-17 | 设备状态:待检 | 日期:2026-06-16,0.92
ENG-0226,1,桥吊编号:QC-12 | 龙门吊编号:RTG-02 | 堆场口:YARD-F4 | 作业区域:B-25 | 设备状态:正常 | 日期:2026-06-17,0.92
ENG-0227,1,桥吊编号:QC-09 | 龙门吊编号:RTG-14 | 堆场口:YARD-A5 | 作业区域:A-28 | 设备状态:维修中 | 日期:2026-06-18,0.92
ENG-0228,1,桥吊编号:QC-18 | 龙门吊编号:RTG-03 | 堆场口:YARD-C3 | 作业区域:B-27 | 设备状态:正常 | 日期:2026-06-19,0.92
ENG-0229,1,桥吊编号:QC-23 | 龙门吊编号:RTG-16 | 堆场口:YARD-B8 | 作业区域:A-02 | 设备状态:停用 | 日期:2026-06-20,0.92
ENG-0230,1,桥吊编号:QC-34 | 龙门吊编号:RTG-05 | 堆场口:YARD-B2 | 作业区域:D-18 | 设备状态:待检 | 日期:2026-06-21,0.92
ENG-0231,1,桥吊编号:QC-09 | 龙门吊编号:RTG-09 | 堆场口:YARD-A8 | 作业区域:A-21 | 设备状态:维修中 | 日期:2026-06-22,0.92
ENG-0232,1,桥吊编号:QC-32 | 龙门吊编号:RTG-21 | 堆场口:YARD-C9 | 作业区域:B-23 | 设备状态:正常 | 日期:2026-06-23,0.92
ENG-0233,1,桥吊编号:QC-05 | 龙门吊编号:RTG-07 | 堆场口:YARD-B1 | 作业区域:A-25 | 设备状态:正常 | 日期:2026-06-24,0.92
ENG-0234,1,桥吊编号:QC-27 | 龙门吊编号:RTG-08 | 堆场口:YARD-G7 | 作业区域:A-09 | 设备状态:停用 | 日期:2026-06-25,0.92
ENG-0235,1,桥吊编号:QC-28 | 龙门吊编号:RTG-26 | 堆场口:YARD-E2 | 作业区域:B-10 | 设备状态:停用 | 日期:2026-06-26,0.92
ENG-0236,1,桥吊编号:QC-04 | 龙门吊编号:RTG-23 | 堆场口:YARD-B7 | 作业区域:C-18 | 设备状态:正常 | 日期:2026-06-27,0.92
ENG-0237,1,桥吊编号:QC-28 | 龙门吊编号:RTG-10 | 堆场口:YARD-B9 | 作业区域:B-19 | 设备状态:正常 | 日期:2026-06-28,0.92
ENG-0238,1,桥吊编号:QC-05 | 龙门吊编号:RTG-07 | 堆场口:YARD-G1 | 作业区域:C-30 | 设备状态:停用 | 日期:2026-06-29,0.92
ENG-0239,1,桥吊编号:QC-33 | 龙门吊编号:RTG-06 | 堆场口:YARD-D2 | 作业区域:A-22 | 设备状态:维修中 | 日期:2026-06-30,0.92
ENG-0240,1,桥吊编号:QC-32 | 龙门吊编号:RTG-12 | 堆场口:YARD-D2 | 作业区域:C-12 | 设备状态:待检 | 日期:2026-06-01,0.92
ENG-0241,1,桥吊编号:QC-19 | 龙门吊编号:RTG-24 | 堆场口:YARD-F7 | 作业区域:A-01 | 设备状态:待检 | 日期:2026-06-02,0.92
ENG-0242,1,桥吊编号:QC-36 | 龙门吊编号:RTG-21 | 堆场口:YARD-B2 | 作业区域:A-24 | 设备状态:停用 | 日期:2026-06-03,0.92
ENG-0243,1,桥吊编号:QC-05 | 龙门吊编号:RTG-13 | 堆场口:YARD-G2 | 作业区域:D-11 | 设备状态:正常 | 日期:2026-06-04,0.92
ENG-0244,1,桥吊编号:QC-26 | 龙门吊编号:RTG-13 | 堆场口:YARD-B5 | 作业区域:B-26 | 设备状态:待检 | 日期:2026-06-05,0.92
ENG-0245,1,桥吊编号:QC-34 | 龙门吊编号:RTG-01 | 堆场口:YARD-D4 | 作业区域:B-22 | 设备状态:维修中 | 日期:2026-06-06,0.92
ENG-0246,1,桥吊编号:QC-27 | 龙门吊编号:RTG-19 | 堆场口:YARD-H3 | 作业区域:A-01 | 设备状态:待检 | 日期:2026-06-07,0.92
ENG-0247,1,桥吊编号:QC-28 | 龙门吊编号:RTG-06 | 堆场口:YARD-D6 | 作业区域:C-07 | 设备状态:待检 | 日期:2026-06-08,0.92
ENG-0248,1,桥吊编号:QC-09 | 龙门吊编号:RTG-24 | 堆场口:YARD-G2 | 作业区域:B-23 | 设备状态:停用 | 日期:2026-06-09,0.92
ENG-0249,1,桥吊编号:QC-19 | 龙门吊编号:RTG-24 | 堆场口:YARD-H7 | 作业区域:D-19 | 设备状态:停用 | 日期:2026-06-10,0.92
ENG-0250,1,桥吊编号:QC-19 | 龙门吊编号:RTG-20 | 堆场口:YARD-A1 | 作业区域:D-04 | 设备状态:正常 | 日期:2026-06-11,0.92
ENG-0251,1,桥吊编号:QC-08 | 龙门吊编号:RTG-16 | 堆场口:YARD-D5 | 作业区域:D-12 | 设备状态:维修中 | 日期:2026-06-12,0.92
ENG-0252,1,桥吊编号:QC-25 | 龙门吊编号:RTG-28 | 堆场口:YARD-F4 | 作业区域:C-04 | 设备状态:正常 | 日期:2026-06-13,0.92
ENG-0253,1,桥吊编号:QC-18 | 龙门吊编号:RTG-18 | 堆场口:YARD-E4 | 作业区域:D-21 | 设备状态:停用 | 日期:2026-06-14,0.92
ENG-0254,1,桥吊编号:QC-32 | 龙门吊编号:RTG-13 | 堆场口:YARD-G6 | 作业区域:D-18 | 设备状态:正常 | 日期:2026-06-15,0.92
ENG-0255,1,桥吊编号:QC-35 | 龙门吊编号:RTG-06 | 堆场口:YARD-B7 | 作业区域:B-16 | 设备状态:维修中 | 日期:2026-06-16,0.92
ENG-0256,1,桥吊编号:QC-23 | 龙门吊编号:RTG-26 | 堆场口:YARD-A4 | 作业区域:B-05 | 设备状态:停用 | 日期:2026-06-17,0.92
ENG-0257,1,桥吊编号:QC-25 | 龙门吊编号:RTG-10 | 堆场口:YARD-B1 | 作业区域:A-04 | 设备状态:待检 | 日期:2026-06-18,0.92
ENG-0258,1,桥吊编号:QC-02 | 龙门吊编号:RTG-07 | 堆场口:YARD-E4 | 作业区域:A-29 | 设备状态:正常 | 日期:2026-06-19,0.92
ENG-0259,1,桥吊编号:QC-34 | 龙门吊编号:RTG-26 | 堆场口:YARD-E6 | 作业区域:C-15 | 设备状态:维修中 | 日期:2026-06-20,0.92
ENG-0260,1,桥吊编号:QC-06 | 龙门吊编号:RTG-09 | 堆场口:YARD-D9 | 作业区域:D-18 | 设备状态:待检 | 日期:2026-06-21,0.92
ENG-0261,1,桥吊编号:QC-28 | 龙门吊编号:RTG-10 | 堆场口:YARD-H8 | 作业区域:B-23 | 设备状态:维修中 | 日期:2026-06-22,0.92
ENG-0262,1,桥吊编号:QC-26 | 龙门吊编号:RTG-23 | 堆场口:YARD-F5 | 作业区域:B-13 | 设备状态:正常 | 日期:2026-06-23,0.92
ENG-0263,1,桥吊编号:QC-02 | 龙门吊编号:RTG-20 | 堆场口:YARD-B5 | 作业区域:A-15 | 设备状态:待检 | 日期:2026-06-24,0.92
ENG-0264,1,桥吊编号:QC-19 | 龙门吊编号:RTG-08 | 堆场口:YARD-E2 | 作业区域:A-05 | 设备状态:维修中 | 日期:2026-06-25,0.92
ENG-0265,1,桥吊编号:QC-19 | 龙门吊编号:RTG-05 | 堆场口:YARD-A9 | 作业区域:D-10 | 设备状态:待检 | 日期:2026-06-26,0.92
ENG-0266,1,桥吊编号:QC-34 | 龙门吊编号:RTG-21 | 堆场口:YARD-C6 | 作业区域:B-14 | 设备状态:正常 | 日期:2026-06-27,0.92
ENG-0267,1,桥吊编号:QC-23 | 龙门吊编号:RTG-20 | 堆场口:YARD-H5 | 作业区域:D-26 | 设备状态:维修中 | 日期:2026-06-28,0.92
ENG-0268,1,桥吊编号:QC-23 | 龙门吊编号:RTG-28 | 堆场口:YARD-G5 | 作业区域:D-25 | 设备状态:停用 | 日期:2026-06-29,0.92
ENG-0269,1,桥吊编号:QC-09 | 龙门吊编号:RTG-17 | 堆场口:YARD-D3 | 作业区域:D-24 | 设备状态:正常 | 日期:2026-06-30,0.92
ENG-0270,1,桥吊编号:QC-29 | 龙门吊编号:RTG-10 | 堆场口:YARD-H5 | 作业区域:C-29 | 设备状态:正常 | 日期:2026-06-01,0.92
ENG-0271,1,桥吊编号:QC-26 | 龙门吊编号:RTG-16 | 堆场口:YARD-E7 | 作业区域:D-25 | 设备状态:停用 | 日期:2026-06-02,0.92
ENG-0272,1,桥吊编号:QC-28 | 龙门吊编号:RTG-17 | 堆场口:YARD-E7 | 作业区域:B-15 | 设备状态:待检 | 日期:2026-06-03,0.92
ENG-0273,1,桥吊编号:QC-31 | 龙门吊编号:RTG-01 | 堆场口:YARD-C2 | 作业区域:A-20 | 设备状态:正常 | 日期:2026-06-04,0.92
ENG-0274,1,桥吊编号:QC-25 | 龙门吊编号:RTG-07 | 堆场口:YARD-A7 | 作业区域:A-14 | 设备状态:正常 | 日期:2026-06-05,0.92
ENG-0275,1,桥吊编号:QC-13 | 龙门吊编号:RTG-03 | 堆场口:YARD-B7 | 作业区域:A-18 | 设备状态:正常 | 日期:2026-06-06,0.92
ENG-0276,1,桥吊编号:QC-24 | 龙门吊编号:RTG-16 | 堆场口:YARD-B7 | 作业区域:D-25 | 设备状态:正常 | 日期:2026-06-07,0.92
ENG-0277,1,桥吊编号:QC-17 | 龙门吊编号:RTG-05 | 堆场口:YARD-A2 | 作业区域:D-11 | 设备状态:停用 | 日期:2026-06-08,0.92
ENG-0278,1,桥吊编号:QC-32 | 龙门吊编号:RTG-04 | 堆场口:YARD-C8 | 作业区域:C-26 | 设备状态:维修中 | 日期:2026-06-09,0.92
ENG-0279,1,桥吊编号:QC-35 | 龙门吊编号:RTG-12 | 堆场口:YARD-E1 | 作业区域:D-09 | 设备状态:维修中 | 日期:2026-06-10,0.92
ENG-0280,1,桥吊编号:QC-05 | 龙门吊编号:RTG-05 | 堆场口:YARD-F5 | 作业区域:D-06 | 设备状态:维修中 | 日期:2026-06-11,0.92
ENG-0281,1,桥吊编号:QC-13 | 龙门吊编号:RTG-22 | 堆场口:YARD-B2 | 作业区域:D-24 | 设备状态:待检 | 日期:2026-06-12,0.92
ENG-0282,1,桥吊编号:QC-06 | 龙门吊编号:RTG-04 | 堆场口:YARD-F3 | 作业区域:C-14 | 设备状态:待检 | 日期:2026-06-13,0.92
ENG-0283,1,桥吊编号:QC-27 | 龙门吊编号:RTG-21 | 堆场口:YARD-D6 | 作业区域:C-24 | 设备状态:待检 | 日期:2026-06-14,0.92
ENG-0284,1,桥吊编号:QC-23 | 龙门吊编号:RTG-10 | 堆场口:YARD-F8 | 作业区域:D-26 | 设备状态:待检 | 日期:2026-06-15,0.92
ENG-0285,1,桥吊编号:QC-35 | 龙门吊编号:RTG-17 | 堆场口:YARD-G1 | 作业区域:D-25 | 设备状态:停用 | 日期:2026-06-16,0.92
ENG-0286,1,桥吊编号:QC-01 | 龙门吊编号:RTG-20 | 堆场口:YARD-D7 | 作业区域:D-09 | 设备状态:正常 | 日期:2026-06-17,0.92
ENG-0287,1,桥吊编号:QC-30 | 龙门吊编号:RTG-02 | 堆场口:YARD-D3 | 作业区域:A-16 | 设备状态:正常 | 日期:2026-06-18,0.92
ENG-0288,1,桥吊编号:QC-32 | 龙门吊编号:RTG-18 | 堆场口:YARD-G3 | 作业区域:C-20 | 设备状态:停用 | 日期:2026-06-19,0.92
ENG-0289,1,桥吊编号:QC-17 | 龙门吊编号:RTG-15 | 堆场口:YARD-E7 | 作业区域:B-23 | 设备状态:正常 | 日期:2026-06-20,0.92
ENG-0290,1,桥吊编号:QC-21 | 龙门吊编号:RTG-20 | 堆场口:YARD-E5 | 作业区域:B-13 | 设备状态:维修中 | 日期:2026-06-21,0.92
ENG-0291,1,桥吊编号:QC-11 | 龙门吊编号:RTG-06 | 堆场口:YARD-D2 | 作业区域:D-12 | 设备状态:待检 | 日期:2026-06-22,0.92
ENG-0292,1,桥吊编号:QC-10 | 龙门吊编号:RTG-28 | 堆场口:YARD-G7 | 作业区域:A-04 | 设备状态:停用 | 日期:2026-06-23,0.92
ENG-0293,1,桥吊编号:QC-19 | 龙门吊编号:RTG-10 | 堆场口:YARD-H5 | 作业区域:D-27 | 设备状态:维修中 | 日期:2026-06-24,0.92
ENG-0294,1,桥吊编号:QC-32 | 龙门吊编号:RTG-21 | 堆场口:YARD-G3 | 作业区域:A-15 | 设备状态:维修中 | 日期:2026-06-25,0.92
ENG-0295,1,桥吊编号:QC-16 | 龙门吊编号:RTG-16 | 堆场口:YARD-D5 | 作业区域:C-14 | 设备状态:维修中 | 日期:2026-06-26,0.92
ENG-0296,1,桥吊编号:QC-25 | 龙门吊编号:RTG-16 | 堆场口:YARD-C8 | 作业区域:C-29 | 设备状态:停用 | 日期:2026-06-27,0.92
ENG-0297,1,桥吊编号:QC-17 | 龙门吊编号:RTG-02 | 堆场口:YARD-F8 | 作业区域:B-19 | 设备状态:正常 | 日期:2026-06-28,0.92
ENG-0298,1,桥吊编号:QC-13 | 龙门吊编号:RTG-19 | 堆场口:YARD-G9 | 作业区域:D-16 | 设备状态:停用 | 日期:2026-06-29,0.92
ENG-0299,1,桥吊编号:QC-31 | 龙门吊编号:RTG-18 | 堆场口:YARD-G7 | 作业区域:A-22 | 设备状态:维修中 | 日期:2026-06-30,0.92
ENG-0300,1,桥吊编号:QC-23 | 龙门吊编号:RTG-08 | 堆场口:YARD-H1 | 作业区域:D-09 | 设备状态:待检 | 日期:2026-06-01,0.92
ENG-0301,1,桥吊编号:QC-10 | 龙门吊编号:RTG-26 | 堆场口:YARD-H8 | 作业区域:A-03 | 设备状态:正常 | 日期:2026-06-02,0.92
ENG-0302,1,桥吊编号:QC-17 | 龙门吊编号:RTG-24 | 堆场口:YARD-G9 | 作业区域:C-01 | 设备状态:正常 | 日期:2026-06-03,0.92
ENG-0303,1,桥吊编号:QC-20 | 龙门吊编号:RTG-26 | 堆场口:YARD-G5 | 作业区域:D-18 | 设备状态:停用 | 日期:2026-06-04,0.92
ENG-0304,1,桥吊编号:QC-26 | 龙门吊编号:RTG-16 | 堆场口:YARD-A2 | 作业区域:A-19 | 设备状态:正常 | 日期:2026-06-05,0.92
ENG-0305,1,桥吊编号:QC-10 | 龙门吊编号:RTG-03 | 堆场口:YARD-B8 | 作业区域:D-19 | 设备状态:维修中 | 日期:2026-06-06,0.92
ENG-0306,1,桥吊编号:QC-01 | 龙门吊编号:RTG-15 | 堆场口:YARD-A3 | 作业区域:C-01 | 设备状态:停用 | 日期:2026-06-07,0.92
ENG-0307,1,桥吊编号:QC-22 | 龙门吊编号:RTG-05 | 堆场口:YARD-A2 | 作业区域:B-05 | 设备状态:待检 | 日期:2026-06-08,0.92
ENG-0308,1,桥吊编号:QC-20 | 龙门吊编号:RTG-05 | 堆场口:YARD-B8 | 作业区域:D-30 | 设备状态:待检 | 日期:2026-06-09,0.92
ENG-0309,1,桥吊编号:QC-27 | 龙门吊编号:RTG-22 | 堆场口:YARD-H8 | 作业区域:D-27 | 设备状态:维修中 | 日期:2026-06-10,0.92
ENG-0310,1,桥吊编号:QC-22 | 龙门吊编号:RTG-23 | 堆场口:YARD-H7 | 作业区域:C-09 | 设备状态:停用 | 日期:2026-06-11,0.92
ENG-0311,1,桥吊编号:QC-11 | 龙门吊编号:RTG-08 | 堆场口:YARD-G9 | 作业区域:C-24 | 设备状态:正常 | 日期:2026-06-12,0.92
ENG-0312,1,桥吊编号:QC-29 | 龙门吊编号:RTG-03 | 堆场口:YARD-B3 | 作业区域:C-02 | 设备状态:停用 | 日期:2026-06-13,0.92
ENG-0313,1,桥吊编号:QC-22 | 龙门吊编号:RTG-24 | 堆场口:YARD-C7 | 作业区域:A-29 | 设备状态:正常 | 日期:2026-06-14,0.92
ENG-0314,1,桥吊编号:QC-24 | 龙门吊编号:RTG-11 | 堆场口:YARD-A2 | 作业区域:C-11 | 设备状态:维修中 | 日期:2026-06-15,0.92
ENG-0315,1,桥吊编号:QC-26 | 龙门吊编号:RTG-01 | 堆场口:YARD-A2 | 作业区域:C-26 | 设备状态:维修中 | 日期:2026-06-16,0.92
ENG-0316,1,桥吊编号:QC-26 | 龙门吊编号:RTG-10 | 堆场口:YARD-B6 | 作业区域:D-11 | 设备状态:维修中 | 日期:2026-06-17,0.92
ENG-0317,1,桥吊编号:QC-09 | 龙门吊编号:RTG-26 | 堆场口:YARD-A3 | 作业区域:D-21 | 设备状态:停用 | 日期:2026-06-18,0.92
ENG-0318,1,桥吊编号:QC-15 | 龙门吊编号:RTG-12 | 堆场口:YARD-G8 | 作业区域:B-03 | 设备状态:正常 | 日期:2026-06-19,0.92
ENG-0319,1,桥吊编号:QC-30 | 龙门吊编号:RTG-24 | 堆场口:YARD-B4 | 作业区域:B-01 | 设备状态:维修中 | 日期:2026-06-20,0.92
ENG-0320,1,桥吊编号:QC-32 | 龙门吊编号:RTG-09 | 堆场口:YARD-B2 | 作业区域:A-24 | 设备状态:维修中 | 日期:2026-06-21,0.92
ENG-0321,1,桥吊编号:QC-08 | 龙门吊编号:RTG-01 | 堆场口:YARD-H9 | 作业区域:B-15 | 设备状态:停用 | 日期:2026-06-22,0.92
ENG-0322,1,桥吊编号:QC-06 | 龙门吊编号:RTG-12 | 堆场口:YARD-H1 | 作业区域:B-10 | 设备状态:正常 | 日期:2026-06-23,0.92
ENG-0323,1,桥吊编号:QC-23 | 龙门吊编号:RTG-13 | 堆场口:YARD-H1 | 作业区域:D-16 | 设备状态:正常 | 日期:2026-06-24,0.92
ENG-0324,1,桥吊编号:QC-15 | 龙门吊编号:RTG-25 | 堆场口:YARD-B4 | 作业区域:A-20 | 设备状态:停用 | 日期:2026-06-25,0.92
ENG-0325,1,桥吊编号:QC-34 | 龙门吊编号:RTG-15 | 堆场口:YARD-D9 | 作业区域:A-24 | 设备状态:停用 | 日期:2026-06-26,0.92
ENG-0326,1,桥吊编号:QC-03 | 龙门吊编号:RTG-02 | 堆场口:YARD-C8 | 作业区域:A-22 | 设备状态:维修中 | 日期:2026-06-27,0.92
ENG-0327,1,桥吊编号:QC-13 | 龙门吊编号:RTG-08 | 堆场口:YARD-C5 | 作业区域:B-03 | 设备状态:待检 | 日期:2026-06-28,0.92
ENG-0328,1,桥吊编号:QC-07 | 龙门吊编号:RTG-14 | 堆场口:YARD-G4 | 作业区域:C-18 | 设备状态:停用 | 日期:2026-06-29,0.92
ENG-0329,1,桥吊编号:QC-01 | 龙门吊编号:RTG-22 | 堆场口:YARD-E4 | 作业区域:A-25 | 设备状态:维修中 | 日期:2026-06-30,0.92
ENG-0330,1,桥吊编号:QC-31 | 龙门吊编号:RTG-14 | 堆场口:YARD-B3 | 作业区域:C-01 | 设备状态:正常 | 日期:2026-06-01,0.92
ENG-0331,1,桥吊编号:QC-25 | 龙门吊编号:RTG-09 | 堆场口:YARD-D6 | 作业区域:B-27 | 设备状态:维修中 | 日期:2026-06-02,0.92
ENG-0332,1,桥吊编号:QC-16 | 龙门吊编号:RTG-10 | 堆场口:YARD-F2 | 作业区域:C-12 | 设备状态:维修中 | 日期:2026-06-03,0.92
ENG-0333,1,桥吊编号:QC-35 | 龙门吊编号:RTG-10 | 堆场口:YARD-E3 | 作业区域:D-11 | 设备状态:正常 | 日期:2026-06-04,0.92
ENG-0334,1,桥吊编号:QC-26 | 龙门吊编号:RTG-24 | 堆场口:YARD-F3 | 作业区域:A-17 | 设备状态:正常 | 日期:2026-06-05,0.92
ENG-0335,1,桥吊编号:QC-01 | 龙门吊编号:RTG-11 | 堆场口:YARD-H3 | 作业区域:A-10 | 设备状态:待检 | 日期:2026-06-06,0.92
ENG-0336,1,桥吊编号:QC-11 | 龙门吊编号:RTG-15 | 堆场口:YARD-H1 | 作业区域:C-22 | 设备状态:待检 | 日期:2026-06-07,0.92
ENG-0337,1,桥吊编号:QC-03 | 龙门吊编号:RTG-06 | 堆场口:YARD-B1 | 作业区域:C-25 | 设备状态:停用 | 日期:2026-06-08,0.92
ENG-0338,1,桥吊编号:QC-11 | 龙门吊编号:RTG-12 | 堆场口:YARD-B1 | 作业区域:B-23 | 设备状态:停用 | 日期:2026-06-09,0.92
ENG-0339,1,桥吊编号:QC-28 | 龙门吊编号:RTG-05 | 堆场口:YARD-B2 | 作业区域:A-26 | 设备状态:维修中 | 日期:2026-06-10,0.92
ENG-0340,1,桥吊编号:QC-01 | 龙门吊编号:RTG-21 | 堆场口:YARD-H8 | 作业区域:A-12 | 设备状态:正常 | 日期:2026-06-11,0.92
ENG-0341,1,桥吊编号:QC-34 | 龙门吊编号:RTG-20 | 堆场口:YARD-H3 | 作业区域:A-18 | 设备状态:待检 | 日期:2026-06-12,0.92
ENG-0342,1,桥吊编号:QC-13 | 龙门吊编号:RTG-14 | 堆场口:YARD-C9 | 作业区域:A-02 | 设备状态:正常 | 日期:2026-06-13,0.92
ENG-0343,1,桥吊编号:QC-02 | 龙门吊编号:RTG-23 | 堆场口:YARD-G1 | 作业区域:B-24 | 设备状态:待检 | 日期:2026-06-14,0.92
ENG-0344,1,桥吊编号:QC-28 | 龙门吊编号:RTG-15 | 堆场口:YARD-B5 | 作业区域:D-28 | 设备状态:维修中 | 日期:2026-06-15,0.92
ENG-0345,1,桥吊编号:QC-36 | 龙门吊编号:RTG-04 | 堆场口:YARD-G7 | 作业区域:D-14 | 设备状态:待检 | 日期:2026-06-16,0.92
ENG-0346,1,桥吊编号:QC-30 | 龙门吊编号:RTG-03 | 堆场口:YARD-H5 | 作业区域:D-11 | 设备状态:待检 | 日期:2026-06-17,0.92
ENG-0347,1,桥吊编号:QC-22 | 龙门吊编号:RTG-20 | 堆场口:YARD-G1 | 作业区域:C-04 | 设备状态:待检 | 日期:2026-06-18,0.92
ENG-0348,1,桥吊编号:QC-25 | 龙门吊编号:RTG-24 | 堆场口:YARD-G5 | 作业区域:C-11 | 设备状态:正常 | 日期:2026-06-19,0.92
ENG-0349,1,桥吊编号:QC-29 | 龙门吊编号:RTG-07 | 堆场口:YARD-D8 | 作业区域:C-16 | 设备状态:待检 | 日期:2026-06-20,0.92
ENG-0350,1,桥吊编号:QC-22 | 龙门吊编号:RTG-12 | 堆场口:YARD-A8 | 作业区域:D-25 | 设备状态:维修中 | 日期:2026-06-21,0.92
ENG-0351,1,桥吊编号:QC-34 | 龙门吊编号:RTG-03 | 堆场口:YARD-D5 | 作业区域:D-07 | 设备状态:正常 | 日期:2026-06-22,0.92
ENG-0352,1,桥吊编号:QC-06 | 龙门吊编号:RTG-08 | 堆场口:YARD-H1 | 作业区域:A-04 | 设备状态:维修中 | 日期:2026-06-23,0.92
ENG-0353,1,桥吊编号:QC-12 | 龙门吊编号:RTG-18 | 堆场口:YARD-B7 | 作业区域:D-19 | 设备状态:待检 | 日期:2026-06-24,0.92
ENG-0354,1,桥吊编号:QC-30 | 龙门吊编号:RTG-23 | 堆场口:YARD-F2 | 作业区域:A-18 | 设备状态:待检 | 日期:2026-06-25,0.92
ENG-0355,1,桥吊编号:QC-24 | 龙门吊编号:RTG-13 | 堆场口:YARD-F7 | 作业区域:B-17 | 设备状态:维修中 | 日期:2026-06-26,0.92
ENG-0356,1,桥吊编号:QC-01 | 龙门吊编号:RTG-11 | 堆场口:YARD-E9 | 作业区域:D-11 | 设备状态:停用 | 日期:2026-06-27,0.92
ENG-0357,1,桥吊编号:QC-08 | 龙门吊编号:RTG-20 | 堆场口:YARD-A6 | 作业区域:D-13 | 设备状态:正常 | 日期:2026-06-28,0.92
ENG-0358,1,桥吊编号:QC-24 | 龙门吊编号:RTG-21 | 堆场口:YARD-H3 | 作业区域:D-11 | 设备状态:待检 | 日期:2026-06-29,0.92
ENG-0359,1,桥吊编号:QC-34 | 龙门吊编号:RTG-11 | 堆场口:YARD-B7 | 作业区域:B-18 | 设备状态:维修中 | 日期:2026-06-30,0.92
ENG-0360,1,桥吊编号:QC-05 | 龙门吊编号:RTG-23 | 堆场口:YARD-H4 | 作业区域:B-24 | 设备状态:停用 | 日期:2026-06-01,0.92
ENG-0361,1,桥吊编号:QC-20 | 龙门吊编号:RTG-09 | 堆场口:YARD-H3 | 作业区域:B-17 | 设备状态:停用 | 日期:2026-06-02,0.92
ENG-0362,1,桥吊编号:QC-32 | 龙门吊编号:RTG-25 | 堆场口:YARD-D5 | 作业区域:D-02 | 设备状态:正常 | 日期:2026-06-03,0.92
ENG-0363,1,桥吊编号:QC-36 | 龙门吊编号:RTG-12 | 堆场口:YARD-A4 | 作业区域:C-03 | 设备状态:维修中 | 日期:2026-06-04,0.92
ENG-0364,1,桥吊编号:QC-01 | 龙门吊编号:RTG-15 | 堆场口:YARD-G7 | 作业区域:A-21 | 设备状态:正常 | 日期:2026-06-05,0.92
ENG-0365,1,桥吊编号:QC-02 | 龙门吊编号:RTG-05 | 堆场口:YARD-D9 | 作业区域:C-15 | 设备状态:正常 | 日期:2026-06-06,0.92
ENG-0366,1,桥吊编号:QC-17 | 龙门吊编号:RTG-16 | 堆场口:YARD-A8 | 作业区域:C-02 | 设备状态:维修中 | 日期:2026-06-07,0.92
ENG-0367,1,桥吊编号:QC-20 | 龙门吊编号:RTG-08 | 堆场口:YARD-H7 | 作业区域:A-02 | 设备状态:维修中 | 日期:2026-06-08,0.92
ENG-0368,1,桥吊编号:QC-04 | 龙门吊编号:RTG-13 | 堆场口:YARD-C6 | 作业区域:C-01 | 设备状态:停用 | 日期:2026-06-09,0.92
ENG-0369,1,桥吊编号:QC-21 | 龙门吊编号:RTG-10 | 堆场口:YARD-F5 | 作业区域:B-19 | 设备状态:待检 | 日期:2026-06-10,0.92
ENG-0370,1,桥吊编号:QC-16 | 龙门吊编号:RTG-13 | 堆场口:YARD-E9 | 作业区域:C-05 | 设备状态:待检 | 日期:2026-06-11,0.92
ENG-0371,1,桥吊编号:QC-20 | 龙门吊编号:RTG-10 | 堆场口:YARD-E9 | 作业区域:A-11 | 设备状态:待检 | 日期:2026-06-12,0.92
ENG-0372,1,桥吊编号:QC-27 | 龙门吊编号:RTG-04 | 堆场口:YARD-C1 | 作业区域:C-06 | 设备状态:停用 | 日期:2026-06-13,0.92
ENG-0373,1,桥吊编号:QC-17 | 龙门吊编号:RTG-03 | 堆场口:YARD-D5 | 作业区域:A-06 | 设备状态:停用 | 日期:2026-06-14,0.92
ENG-0374,1,桥吊编号:QC-33 | 龙门吊编号:RTG-16 | 堆场口:YARD-D6 | 作业区域:C-26 | 设备状态:正常 | 日期:2026-06-15,0.92
ENG-0375,1,桥吊编号:QC-06 | 龙门吊编号:RTG-05 | 堆场口:YARD-E5 | 作业区域:D-11 | 设备状态:维修中 | 日期:2026-06-16,0.92
ENG-0376,1,桥吊编号:QC-30 | 龙门吊编号:RTG-07 | 堆场口:YARD-H8 | 作业区域:C-27 | 设备状态:正常 | 日期:2026-06-17,0.92
ENG-0377,1,桥吊编号:QC-31 | 龙门吊编号:RTG-02 | 堆场口:YARD-E6 | 作业区域:C-09 | 设备状态:维修中 | 日期:2026-06-18,0.92
ENG-0378,1,桥吊编号:QC-30 | 龙门吊编号:RTG-09 | 堆场口:YARD-B3 | 作业区域:D-12 | 设备状态:待检 | 日期:2026-06-19,0.92
ENG-0379,1,桥吊编号:QC-07 | 龙门吊编号:RTG-24 | 堆场口:YARD-B5 | 作业区域:D-20 | 设备状态:待检 | 日期:2026-06-20,0.92
ENG-0380,1,桥吊编号:QC-29 | 龙门吊编号:RTG-21 | 堆场口:YARD-H1 | 作业区域:D-09 | 设备状态:正常 | 日期:2026-06-21,0.92
ENG-0381,1,桥吊编号:QC-28 | 龙门吊编号:RTG-10 | 堆场口:YARD-C3 | 作业区域:A-21 | 设备状态:停用 | 日期:2026-06-22,0.92
ENG-0382,1,桥吊编号:QC-31 | 龙门吊编号:RTG-19 | 堆场口:YARD-C5 | 作业区域:B-10 | 设备状态:正常 | 日期:2026-06-23,0.92
ENG-0383,1,桥吊编号:QC-23 | 龙门吊编号:RTG-05 | 堆场口:YARD-C6 | 作业区域:D-05 | 设备状态:停用 | 日期:2026-06-24,0.92
ENG-0384,1,桥吊编号:QC-12 | 龙门吊编号:RTG-18 | 堆场口:YARD-A1 | 作业区域:B-17 | 设备状态:停用 | 日期:2026-06-25,0.92
ENG-0385,1,桥吊编号:QC-08 | 龙门吊编号:RTG-11 | 堆场口:YARD-G1 | 作业区域:D-27 | 设备状态:维修中 | 日期:2026-06-26,0.92
ENG-0386,1,桥吊编号:QC-20 | 龙门吊编号:RTG-25 | 堆场口:YARD-A9 | 作业区域:B-08 | 设备状态:停用 | 日期:2026-06-27,0.92
ENG-0387,1,桥吊编号:QC-13 | 龙门吊编号:RTG-19 | 堆场口:YARD-D8 | 作业区域:B-23 | 设备状态:维修中 | 日期:2026-06-28,0.92
ENG-0388,1,桥吊编号:QC-17 | 龙门吊编号:RTG-23 | 堆场口:YARD-D1 | 作业区域:C-04 | 设备状态:正常 | 日期:2026-06-29,0.92
ENG-0389,1,桥吊编号:QC-34 | 龙门吊编号:RTG-20 | 堆场口:YARD-E3 | 作业区域:D-26 | 设备状态:停用 | 日期:2026-06-30,0.92
ENG-0390,1,桥吊编号:QC-08 | 龙门吊编号:RTG-05 | 堆场口:YARD-B9 | 作业区域:A-27 | 设备状态:维修中 | 日期:2026-06-01,0.92
ENG-0391,1,桥吊编号:QC-34 | 龙门吊编号:RTG-17 | 堆场口:YARD-F8 | 作业区域:D-10 | 设备状态:停用 | 日期:2026-06-02,0.92
ENG-0392,1,桥吊编号:QC-07 | 龙门吊编号:RTG-25 | 堆场口:YARD-E5 | 作业区域:C-14 | 设备状态:停用 | 日期:2026-06-03,0.92
ENG-0393,1,桥吊编号:QC-11 | 龙门吊编号:RTG-28 | 堆场口:YARD-A6 | 作业区域:C-21 | 设备状态:正常 | 日期:2026-06-04,0.92
ENG-0394,1,桥吊编号:QC-24 | 龙门吊编号:RTG-24 | 堆场口:YARD-C1 | 作业区域:C-08 | 设备状态:正常 | 日期:2026-06-05,0.92
ENG-0395,1,桥吊编号:QC-19 | 龙门吊编号:RTG-13 | 堆场口:YARD-G1 | 作业区域:A-16 | 设备状态:维修中 | 日期:2026-06-06,0.92
ENG-0396,1,桥吊编号:QC-01 | 龙门吊编号:RTG-13 | 堆场口:YARD-C8 | 作业区域:D-30 | 设备状态:待检 | 日期:2026-06-07,0.92
ENG-0397,1,桥吊编号:QC-02 | 龙门吊编号:RTG-16 | 堆场口:YARD-A3 | 作业区域:A-21 | 设备状态:待检 | 日期:2026-06-08,0.92
ENG-0398,1,桥吊编号:QC-03 | 龙门吊编号:RTG-28 | 堆场口:YARD-F7 | 作业区域:B-16 | 设备状态:待检 | 日期:2026-06-09,0.92
ENG-0399,1,桥吊编号:QC-32 | 龙门吊编号:RTG-26 | 堆场口:YARD-F2 | 作业区域:D-18 | 设备状态:待检 | 日期:2026-06-10,0.92
ENG-0400,1,桥吊编号:QC-15 | 龙门吊编号:RTG-09 | 堆场口:YARD-E5 | 作业区域:C-27 | 设备状态:待检 | 日期:2026-06-11,0.92
ENG-0401,1,桥吊编号:QC-31 | 龙门吊编号:RTG-22 | 堆场口:YARD-G7 | 作业区域:B-19 | 设备状态:待检 | 日期:2026-06-12,0.92
ENG-0402,1,桥吊编号:QC-34 | 龙门吊编号:RTG-11 | 堆场口:YARD-B3 | 作业区域:A-26 | 设备状态:正常 | 日期:2026-06-13,0.92
ENG-0403,1,桥吊编号:QC-02 | 龙门吊编号:RTG-26 | 堆场口:YARD-H3 | 作业区域:B-02 | 设备状态:停用 | 日期:2026-06-14,0.92
ENG-0404,1,桥吊编号:QC-28 | 龙门吊编号:RTG-14 | 堆场口:YARD-A3 | 作业区域:C-12 | 设备状态:维修中 | 日期:2026-06-15,0.92
ENG-0405,1,桥吊编号:QC-09 | 龙门吊编号:RTG-06 | 堆场口:YARD-C2 | 作业区域:A-29 | 设备状态:正常 | 日期:2026-06-16,0.92
ENG-0406,1,桥吊编号:QC-05 | 龙门吊编号:RTG-25 | 堆场口:YARD-D6 | 作业区域:D-02 | 设备状态:维修中 | 日期:2026-06-17,0.92
ENG-0407,1,桥吊编号:QC-04 | 龙门吊编号:RTG-15 | 堆场口:YARD-E2 | 作业区域:A-10 | 设备状态:维修中 | 日期:2026-06-18,0.92
ENG-0408,1,桥吊编号:QC-17 | 龙门吊编号:RTG-18 | 堆场口:YARD-A6 | 作业区域:B-02 | 设备状态:停用 | 日期:2026-06-19,0.92
ENG-0409,1,桥吊编号:QC-30 | 龙门吊编号:RTG-28 | 堆场口:YARD-E7 | 作业区域:B-27 | 设备状态:维修中 | 日期:2026-06-20,0.92
ENG-0410,1,桥吊编号:QC-11 | 龙门吊编号:RTG-09 | 堆场口:YARD-D8 | 作业区域:C-24 | 设备状态:正常 | 日期:2026-06-21,0.92
ENG-0411,1,桥吊编号:QC-04 | 龙门吊编号:RTG-19 | 堆场口:YARD-G9 | 作业区域:C-18 | 设备状态:维修中 | 日期:2026-06-22,0.92
ENG-0412,1,桥吊编号:QC-10 | 龙门吊编号:RTG-07 | 堆场口:YARD-A3 | 作业区域:B-08 | 设备状态:待检 | 日期:2026-06-23,0.92
ENG-0413,1,桥吊编号:QC-28 | 龙门吊编号:RTG-02 | 堆场口:YARD-D2 | 作业区域:C-27 | 设备状态:停用 | 日期:2026-06-24,0.92
ENG-0414,1,桥吊编号:QC-02 | 龙门吊编号:RTG-27 | 堆场口:YARD-E4 | 作业区域:C-05 | 设备状态:待检 | 日期:2026-06-25,0.92
ENG-0415,1,桥吊编号:QC-15 | 龙门吊编号:RTG-21 | 堆场口:YARD-H5 | 作业区域:D-24 | 设备状态:待检 | 日期:2026-06-26,0.92
ENG-0416,1,桥吊编号:QC-31 | 龙门吊编号:RTG-25 | 堆场口:YARD-G8 | 作业区域:C-02 | 设备状态:维修中 | 日期:2026-06-27,0.92
ENG-0417,1,桥吊编号:QC-35 | 龙门吊编号:RTG-02 | 堆场口:YARD-F8 | 作业区域:D-24 | 设备状态:正常 | 日期:2026-06-28,0.92
ENG-0418,1,桥吊编号:QC-19 | 龙门吊编号:RTG-21 | 堆场口:YARD-G8 | 作业区域:C-17 | 设备状态:正常 | 日期:2026-06-29,0.92
ENG-0419,1,桥吊编号:QC-17 | 龙门吊编号:RTG-17 | 堆场口:YARD-E4 | 作业区域:C-10 | 设备状态:待检 | 日期:2026-06-30,0.92
ENG-0420,1,桥吊编号:QC-30 | 龙门吊编号:RTG-25 | 堆场口:YARD-G2 | 作业区域:D-18 | 设备状态:正常 | 日期:2026-06-01,0.92
ENG-0421,1,桥吊编号:QC-18 | 龙门吊编号:RTG-28 | 堆场口:YARD-B7 | 作业区域:B-09 | 设备状态:待检 | 日期:2026-06-02,0.92
ENG-0422,1,桥吊编号:QC-11 | 龙门吊编号:RTG-16 | 堆场口:YARD-F4 | 作业区域:D-23 | 设备状态:待检 | 日期:2026-06-03,0.92
ENG-0423,1,桥吊编号:QC-33 | 龙门吊编号:RTG-12 | 堆场口:YARD-A9 | 作业区域:C-23 | 设备状态:待检 | 日期:2026-06-04,0.92
ENG-0424,1,桥吊编号:QC-36 | 龙门吊编号:RTG-24 | 堆场口:YARD-G9 | 作业区域:C-04 | 设备状态:待检 | 日期:2026-06-05,0.92
ENG-0425,1,桥吊编号:QC-01 | 龙门吊编号:RTG-17 | 堆场口:YARD-E8 | 作业区域:A-29 | 设备状态:待检 | 日期:2026-06-06,0.92
ENG-0426,1,桥吊编号:QC-07 | 龙门吊编号:RTG-10 | 堆场口:YARD-C1 | 作业区域:D-30 | 设备状态:停用 | 日期:2026-06-07,0.92
ENG-0427,1,桥吊编号:QC-07 | 龙门吊编号:RTG-26 | 堆场口:YARD-D5 | 作业区域:B-22 | 设备状态:待检 | 日期:2026-06-08,0.92
ENG-0428,1,桥吊编号:QC-08 | 龙门吊编号:RTG-03 | 堆场口:YARD-H6 | 作业区域:D-10 | 设备状态:待检 | 日期:2026-06-09,0.92
ENG-0429,1,桥吊编号:QC-02 | 龙门吊编号:RTG-01 | 堆场口:YARD-D7 | 作业区域:D-07 | 设备状态:停用 | 日期:2026-06-10,0.92
ENG-0430,1,桥吊编号:QC-06 | 龙门吊编号:RTG-15 | 堆场口:YARD-A9 | 作业区域:D-13 | 设备状态:停用 | 日期:2026-06-11,0.92
ENG-0431,1,桥吊编号:QC-22 | 龙门吊编号:RTG-01 | 堆场口:YARD-C8 | 作业区域:B-05 | 设备状态:正常 | 日期:2026-06-12,0.92
ENG-0432,1,桥吊编号:QC-30 | 龙门吊编号:RTG-14 | 堆场口:YARD-C4 | 作业区域:A-14 | 设备状态:维修中 | 日期:2026-06-13,0.92
ENG-0433,1,桥吊编号:QC-15 | 龙门吊编号:RTG-28 | 堆场口:YARD-D6 | 作业区域:C-26 | 设备状态:停用 | 日期:2026-06-14,0.92
ENG-0434,1,桥吊编号:QC-20 | 龙门吊编号:RTG-04 | 堆场口:YARD-D7 | 作业区域:B-11 | 设备状态:待检 | 日期:2026-06-15,0.92
ENG-0435,1,桥吊编号:QC-14 | 龙门吊编号:RTG-16 | 堆场口:YARD-C3 | 作业区域:C-04 | 设备状态:正常 | 日期:2026-06-16,0.92
ENG-0436,1,桥吊编号:QC-35 | 龙门吊编号:RTG-06 | 堆场口:YARD-B1 | 作业区域:D-23 | 设备状态:正常 | 日期:2026-06-17,0.92
ENG-0437,1,桥吊编号:QC-08 | 龙门吊编号:RTG-02 | 堆场口:YARD-D4 | 作业区域:A-15 | 设备状态:维修中 | 日期:2026-06-18,0.92
ENG-0438,1,桥吊编号:QC-33 | 龙门吊编号:RTG-07 | 堆场口:YARD-B1 | 作业区域:A-18 | 设备状态:停用 | 日期:2026-06-19,0.92
ENG-0439,1,桥吊编号:QC-03 | 龙门吊编号:RTG-21 | 堆场口:YARD-E5 | 作业区域:D-06 | 设备状态:停用 | 日期:2026-06-20,0.92
ENG-0440,1,桥吊编号:QC-29 | 龙门吊编号:RTG-08 | 堆场口:YARD-G1 | 作业区域:A-17 | 设备状态:待检 | 日期:2026-06-21,0.92
ENG-0441,1,桥吊编号:QC-12 | 龙门吊编号:RTG-08 | 堆场口:YARD-G5 | 作业区域:A-24 | 设备状态:正常 | 日期:2026-06-22,0.92
ENG-0442,1,桥吊编号:QC-28 | 龙门吊编号:RTG-14 | 堆场口:YARD-C8 | 作业区域:C-22 | 设备状态:待检 | 日期:2026-06-23,0.92
ENG-0443,1,桥吊编号:QC-34 | 龙门吊编号:RTG-11 | 堆场口:YARD-B4 | 作业区域:A-11 | 设备状态:停用 | 日期:2026-06-24,0.92
ENG-0444,1,桥吊编号:QC-31 | 龙门吊编号:RTG-05 | 堆场口:YARD-C8 | 作业区域:D-03 | 设备状态:待检 | 日期:2026-06-25,0.92
ENG-0445,1,桥吊编号:QC-18 | 龙门吊编号:RTG-19 | 堆场口:YARD-F4 | 作业区域:D-03 | 设备状态:待检 | 日期:2026-06-26,0.92
ENG-0446,1,桥吊编号:QC-20 | 龙门吊编号:RTG-25 | 堆场口:YARD-D4 | 作业区域:B-05 | 设备状态:待检 | 日期:2026-06-27,0.92
ENG-0447,1,桥吊编号:QC-33 | 龙门吊编号:RTG-23 | 堆场口:YARD-H2 | 作业区域:D-19 | 设备状态:维修中 | 日期:2026-06-28,0.92
ENG-0448,1,桥吊编号:QC-11 | 龙门吊编号:RTG-20 | 堆场口:YARD-G8 | 作业区域:D-15 | 设备状态:待检 | 日期:2026-06-29,0.92
ENG-0449,1,桥吊编号:QC-08 | 龙门吊编号:RTG-11 | 堆场口:YARD-A1 | 作业区域:C-15 | 设备状态:维修中 | 日期:2026-06-30,0.92
ENG-0450,1,桥吊编号:QC-35 | 龙门吊编号:RTG-02 | 堆场口:YARD-H4 | 作业区域:A-09 | 设备状态:正常 | 日期:2026-06-01,0.92
ENG-0451,1,桥吊编号:QC-08 | 龙门吊编号:RTG-21 | 堆场口:YARD-E7 | 作业区域:C-17 | 设备状态:停用 | 日期:2026-06-02,0.92
ENG-0452,1,桥吊编号:QC-24 | 龙门吊编号:RTG-03 | 堆场口:YARD-D6 | 作业区域:D-07 | 设备状态:维修中 | 日期:2026-06-03,0.92
ENG-0453,1,桥吊编号:QC-05 | 龙门吊编号:RTG-01 | 堆场口:YARD-C8 | 作业区域:C-20 | 设备状态:维修中 | 日期:2026-06-04,0.92
ENG-0454,1,桥吊编号:QC-20 | 龙门吊编号:RTG-12 | 堆场口:YARD-H1 | 作业区域:D-26 | 设备状态:待检 | 日期:2026-06-05,0.92
ENG-0455,1,桥吊编号:QC-25 | 龙门吊编号:RTG-11 | 堆场口:YARD-C4 | 作业区域:A-17 | 设备状态:正常 | 日期:2026-06-06,0.92
ENG-0456,1,桥吊编号:QC-17 | 龙门吊编号:RTG-12 | 堆场口:YARD-D9 | 作业区域:C-04 | 设备状态:维修中 | 日期:2026-06-07,0.92
ENG-0457,1,桥吊编号:QC-33 | 龙门吊编号:RTG-12 | 堆场口:YARD-E8 | 作业区域:D-30 | 设备状态:维修中 | 日期:2026-06-08,0.92
ENG-0458,1,桥吊编号:QC-10 | 龙门吊编号:RTG-26 | 堆场口:YARD-E3 | 作业区域:D-16 | 设备状态:待检 | 日期:2026-06-09,0.92
ENG-0459,1,桥吊编号:QC-36 | 龙门吊编号:RTG-12 | 堆场口:YARD-C2 | 作业区域:D-02 | 设备状态:停用 | 日期:2026-06-10,0.92
ENG-0460,1,桥吊编号:QC-02 | 龙门吊编号:RTG-09 | 堆场口:YARD-D5 | 作业区域:C-13 | 设备状态:停用 | 日期:2026-06-11,0.92
ENG-0461,1,桥吊编号:QC-04 | 龙门吊编号:RTG-10 | 堆场口:YARD-D2 | 作业区域:A-17 | 设备状态:待检 | 日期:2026-06-12,0.92
ENG-0462,1,桥吊编号:QC-33 | 龙门吊编号:RTG-17 | 堆场口:YARD-C3 | 作业区域:D-25 | 设备状态:维修中 | 日期:2026-06-13,0.92
ENG-0463,1,桥吊编号:QC-28 | 龙门吊编号:RTG-04 | 堆场口:YARD-D8 | 作业区域:D-17 | 设备状态:待检 | 日期:2026-06-14,0.92
ENG-0464,1,桥吊编号:QC-25 | 龙门吊编号:RTG-25 | 堆场口:YARD-A3 | 作业区域:B-08 | 设备状态:待检 | 日期:2026-06-15,0.92
ENG-0465,1,桥吊编号:QC-18 | 龙门吊编号:RTG-04 | 堆场口:YARD-H2 | 作业区域:D-07 | 设备状态:待检 | 日期:2026-06-16,0.92
ENG-0466,1,桥吊编号:QC-31 | 龙门吊编号:RTG-11 | 堆场口:YARD-A2 | 作业区域:C-24 | 设备状态:停用 | 日期:2026-06-17,0.92
ENG-0467,1,桥吊编号:QC-16 | 龙门吊编号:RTG-08 | 堆场口:YARD-A6 | 作业区域:B-15 | 设备状态:待检 | 日期:2026-06-18,0.92
ENG-0468,1,桥吊编号:QC-12 | 龙门吊编号:RTG-10 | 堆场口:YARD-B7 | 作业区域:C-24 | 设备状态:正常 | 日期:2026-06-19,0.92
ENG-0469,1,桥吊编号:QC-36 | 龙门吊编号:RTG-21 | 堆场口:YARD-E5 | 作业区域:B-19 | 设备状态:停用 | 日期:2026-06-20,0.92
ENG-0470,1,桥吊编号:QC-05 | 龙门吊编号:RTG-25 | 堆场口:YARD-F5 | 作业区域:A-26 | 设备状态:维修中 | 日期:2026-06-21,0.92
ENG-0471,1,桥吊编号:QC-27 | 龙门吊编号:RTG-17 | 堆场口:YARD-H6 | 作业区域:C-02 | 设备状态:停用 | 日期:2026-06-22,0.92
ENG-0472,1,桥吊编号:QC-35 | 龙门吊编号:RTG-14 | 堆场口:YARD-G2 | 作业区域:A-11 | 设备状态:待检 | 日期:2026-06-23,0.92
ENG-0473,1,桥吊编号:QC-24 | 龙门吊编号:RTG-18 | 堆场口:YARD-B5 | 作业区域:A-22 | 设备状态:停用 | 日期:2026-06-24,0.92
ENG-0474,1,桥吊编号:QC-03 | 龙门吊编号:RTG-18 | 堆场口:YARD-D1 | 作业区域:A-27 | 设备状态:待检 | 日期:2026-06-25,0.92
ENG-0475,1,桥吊编号:QC-35 | 龙门吊编号:RTG-21 | 堆场口:YARD-H5 | 作业区域:D-19 | 设备状态:停用 | 日期:2026-06-26,0.92
ENG-0476,1,桥吊编号:QC-31 | 龙门吊编号:RTG-02 | 堆场口:YARD-E7 | 作业区域:D-25 | 设备状态:停用 | 日期:2026-06-27,0.92
ENG-0477,1,桥吊编号:QC-20 | 龙门吊编号:RTG-12 | 堆场口:YARD-D8 | 作业区域:C-04 | 设备状态:正常 | 日期:2026-06-28,0.92
ENG-0478,1,桥吊编号:QC-27 | 龙门吊编号:RTG-18 | 堆场口:YARD-A6 | 作业区域:C-06 | 设备状态:正常 | 日期:2026-06-29,0.92
ENG-0479,1,桥吊编号:QC-09 | 龙门吊编号:RTG-18 | 堆场口:YARD-F3 | 作业区域:C-03 | 设备状态:维修中 | 日期:2026-06-30,0.92
ENG-0480,1,桥吊编号:QC-01 | 龙门吊编号:RTG-12 | 堆场口:YARD-B2 | 作业区域:B-21 | 设备状态:正常 | 日期:2026-06-01,0.92
ENG-0481,1,桥吊编号:QC-02 | 龙门吊编号:RTG-01 | 堆场口:YARD-A5 | 作业区域:A-23 | 设备状态:维修中 | 日期:2026-06-02,0.92
ENG-0482,1,桥吊编号:QC-25 | 龙门吊编号:RTG-13 | 堆场口:YARD-E6 | 作业区域:C-26 | 设备状态:待检 | 日期:2026-06-03,0.92
ENG-0483,1,桥吊编号:QC-35 | 龙门吊编号:RTG-10 | 堆场口:YARD-B3 | 作业区域:A-12 | 设备状态:正常 | 日期:2026-06-04,0.92
ENG-0484,1,桥吊编号:QC-02 | 龙门吊编号:RTG-16 | 堆场口:YARD-F7 | 作业区域:A-07 | 设备状态:正常 | 日期:2026-06-05,0.92
ENG-0485,1,桥吊编号:QC-10 | 龙门吊编号:RTG-24 | 堆场口:YARD-B4 | 作业区域:A-23 | 设备状态:待检 | 日期:2026-06-06,0.92
ENG-0486,1,桥吊编号:QC-27 | 龙门吊编号:RTG-16 | 堆场口:YARD-C8 | 作业区域:B-21 | 设备状态:维修中 | 日期:2026-06-07,0.92
ENG-0487,1,桥吊编号:QC-11 | 龙门吊编号:RTG-13 | 堆场口:YARD-C8 | 作业区域:C-05 | 设备状态:待检 | 日期:2026-06-08,0.92
ENG-0488,1,桥吊编号:QC-28 | 龙门吊编号:RTG-14 | 堆场口:YARD-A9 | 作业区域:D-27 | 设备状态:停用 | 日期:2026-06-09,0.92
ENG-0489,1,桥吊编号:QC-26 | 龙门吊编号:RTG-01 | 堆场口:YARD-F9 | 作业区域:A-23 | 设备状态:停用 | 日期:2026-06-10,0.92
ENG-0490,1,桥吊编号:QC-13 | 龙门吊编号:RTG-21 | 堆场口:YARD-G8 | 作业区域:B-16 | 设备状态:停用 | 日期:2026-06-11,0.92
ENG-0491,1,桥吊编号:QC-10 | 龙门吊编号:RTG-23 | 堆场口:YARD-C8 | 作业区域:A-29 | 设备状态:正常 | 日期:2026-06-12,0.92
ENG-0492,1,桥吊编号:QC-14 | 龙门吊编号:RTG-12 | 堆场口:YARD-C3 | 作业区域:C-15 | 设备状态:正常 | 日期:2026-06-13,0.92
ENG-0493,1,桥吊编号:QC-07 | 龙门吊编号:RTG-09 | 堆场口:YARD-D5 | 作业区域:A-26 | 设备状态:维修中 | 日期:2026-06-14,0.92
ENG-0494,1,桥吊编号:QC-27 | 龙门吊编号:RTG-20 | 堆场口:YARD-A7 | 作业区域:D-30 | 设备状态:正常 | 日期:2026-06-15,0.92
ENG-0495,1,桥吊编号:QC-30 | 龙门吊编号:RTG-25 | 堆场口:YARD-C4 | 作业区域:D-21 | 设备状态:维修中 | 日期:2026-06-16,0.92
ENG-0496,1,桥吊编号:QC-35 | 龙门吊编号:RTG-26 | 堆场口:YARD-C8 | 作业区域:D-25 | 设备状态:待检 | 日期:2026-06-17,0.92
ENG-0497,1,桥吊编号:QC-10 | 龙门吊编号:RTG-02 | 堆场口:YARD-F1 | 作业区域:A-07 | 设备状态:停用 | 日期:2026-06-18,0.92
ENG-0498,1,桥吊编号:QC-06 | 龙门吊编号:RTG-11 | 堆场口:YARD-H9 | 作业区域:B-13 | 设备状态:停用 | 日期:2026-06-19,0.92
ENG-0499,1,桥吊编号:QC-05 | 龙门吊编号:RTG-21 | 堆场口:YARD-F2 | 作业区域:C-29 | 设备状态:待检 | 日期:2026-06-20,0.92
ENG-0500,1,桥吊编号:QC-09 | 龙门吊编号:RTG-18 | 堆场口:YARD-H6 | 作业区域:D-03 | 设备状态:正常 | 日期:2026-06-21,0.92
